No,Name,Team,Position,Age,Throws,Salary
1,Max Scherzer,NYM,SP,37,R,43333333
2,Jacob deGrom,NYM,SP,34,R,36000000
3,Gerrit Cole,NYY,SP,31,R,36000000
4,Trevor Bauer,LAD,SP,31,R,35333333
5,Stephen Strasburg,WSH,SP,33,R,35000000
6,David Price,LAD,RP,36,L,32000000
7,Chris Sale,BOS,SP,33,L,30000000
8,Zack Wheeler,PHI,SP,32,R,26000000
9,Justin Verlander,HOU,SP,39,R,25000000
10,Marcus Stroman,CHC,SP,31,R,25000000
11,Patrick Corbin,WSH,SP,32,L,23416666
12,Madison Bumgarner,ARI,SP,32,L,23000000
13,Carlos Rodon,SF,SP,29,L,21500000
14,Kevin Gausman,TOR,SP,31,R,21000000
15,Noah Syndergaard,PHI,SP,29,R,21000000
16,Robbie Ray,SEA,SP,30,L,21000000
17,Clayton Kershaw,LAD,SP,34,L,20000000
18,Yu Darvish,SD,SP,35,R,20000000
19,Charlie Morton,ATL,SP,38,R,20000000
20,Hyun-Jin Ryu,TOR,SP,35,L,20000000
21,Lance Lynn,CHW,SP,35,R,18500000
22,Aroldis Chapman,NYY,RP,34,L,18000000
23,Adam Wainwright,STL,SP,40,R,17500000
24,Nathan Eovaldi,BOS,SP,32,R,17000000
25,Miles Mikolas,STL,SP,33,R,16750000
26,Craig Kimbrel,LAD,RP/CL,34,R,16000000
27,Kenley Jansen,ATL,RP/CL,34,R,16000000
28,Yusei Kikuchi,TOR,RP,31,L,16000000
29,Lance McCullers,HOU,SP,28,R,15950000
30,Aaron Nola,PHI,SP,29,R,15500000
31,Jon Gray,TEX,SP,30,R,15000000
32,Zack Britton,NYY,RP,34,L,14000000
33,Kyle Hendricks,CHC,SP,32,R,14000000
34,Eduardo Rodriguez,DET,SP,29,L,14000000
35,Alex Wood,SF,SP,31,L,13500000
36,Liam Hendriks,CHW,RP/CL,33,R,13333333
37,Blake Snell,SD,SP,29,L,13100000
38,Corey Kluber,TB,SP,36,R,13000000
39,Will Smith,HOU,RP/CL,32,L,13000000
40,Zack Greinke,KC,SP,38,R,13000000
41,Anthony DeSclafani,SF,SP,32,R,12000000
42,Carlos Carrasco,NYM,SP,35,R,12000000
43,Sonny Gray,MIN,SP,32,R,11866667
44,Luis Severino,NYY,SP,28,R,11500000
45,German Marquez,COL,SP,27,R,11300000
46,Josh Hader,SD,RP/CL,28,L,11000000
47,Jose Berrios,TOR,SP,28,R,10714285
48,Edwin Diaz,NYM,RP/CL,28,R,10200000
49,Ryan Pressly,HOU,RP/CL,33,R,10000000
50,Drew Pomeranz,SD,RP,33,L,10000000
51,Raisel Iglesias,ATL,RP/CL,32,R,10000000
52,Wade Miley,CHC,SP,35,L,10000000
53,Corey Knebel,PHI,RP,30,R,10000000
54,Mike Minor,CIN,SP,34,L,10000000
55,Sean Manaea,SD,SP,30,L,9750000
56,Alex Cobb,SF,SP,34,R,9000000
57,Chris Bassitt,NYM,SP,33,R,8650000
58,Joe Musgrove,SD,SP,29,R,8625000
59,Tyler Anderson,LAD,SP,32,L,8500000
60,Andrew Heaney,LAD,SP,31,L,8500000
61,Mike Clevinger,SD,SP,31,R,8500000
62,Jake Odorizzi,ATL,SP,32,R,8500000
63,Steven Matz,STL,RP,31,L,8500000
64,Matt Barnes,BOS,RP,32,R,8125000
65,Will Harris,WSH,RP,37,R,8000000
66,Hector Neris,HOU,RP,33,R,8000000
67,Blake Treinen,LAD,RP,34,R,8000000
68,Julio Urias,LAD,SP,25,L,8000000
69,Kendall Graveman,CHW,RP/CL,31,R,8000000
70,Kyle Gibson,PHI,SP,34,R,8000000
71,Trevor May,NYM,RP/CL,32,R,7750000
72,Aaron Loup,LAA,RP,34,L,7500000
73,Lucas Giolito,CHW,SP,27,R,7450000
74,Luis Castillo,SEA,SP,29,R,7350000
75,Taylor Rogers,MIL,RP,31,L,7300000
76,Walker Buehler,LAD,SP,27,R,7250000
77,Antonio Senzatela,COL,SP,27,R,7250000
78,Michael Wacha,BOS,SP,31,R,7000000
79,Taijuan Walker,NYM,SP,29,R,7000000
80,Joe Kelly,CHW,RP,34,R,7000000
81,Kyle Freeland,COL,SP,29,L,7000000
82,Scott Oberg,COL,RP,32,R,7000000
83,Mark Melancon,ARI,RP,37,R,7000000
84,Ryan Tepera,LAA,RP,34,R,7000000
85,Max Fried,ATL,SP,28,L,6850000
86,Brandon Woodruff,MIL,SP,29,R,6800000
87,Michael Lorenzen,LAA,SP,30,R,6750000
88,Corbin Burnes,MIL,SP,27,R,6500000
89,James Paxton,BOS,SP,33,L,6000000
90,Jordan Lyles,BAL,SP,31,R,6000000
91,Shane Bieber,CLE,SP,27,R,6000000
92,Daniel Hudson,LAD,RP/CL,35,R,6000000
93,Nick Martinez,SD,RP,31,R,6000000
94,Robert Suarez,SD,RP,31,,6000000
95,Jordan Montgomery,STL,SP,29,L,6000000
96,Brad Hand,PHI,RP,32,L,6000000
97,Andrew Chafin,DET,RP/CL,32,L,6000000
98,Jameson Taillon,NYY,SP,30,R,5800000
99,Marco Gonzales,SEA,SP,30,L,5750000
100,Zach Eflin,PHI,RP,28,R,5550000
101,Rich Hill,BOS,SP,42,L,5500000
102,Yimi Garcia,TOR,RP,31,R,5500000
103,Shohei Ohtani,LAA,SP/DH,27,R,5500000
104,Merrill Kelly,ARI,SP,33,R,5250000
105,Jose Leclerc,TEX,RP,28,R,5250000
106,Tyler Mahle,MIN,SP,27,R,5200000
107,Matt Boyd,SEA,RP,31,L,5200000
108,Kumar Rocker,TEX,SP,22,,5200000
109,Tyler Glasnow,TB,SP,28,R,5100000
110,David Robertson,PHI,RP/CL,37,R,5100000
111,Frankie Montas,NYY,SP,29,R,5025000
112,Adam Ottavino,NYM,RP,36,R,5000000
113,Jack Flaherty,STL,SP,26,R,5000000
114,Michael Fulmer,MIN,RP,29,R,4950000
115,Brad Keller,KC,RP,26,R,4825000
116,Dinelson Lamet,COL,RP,29,R,4775000
117,Trevor Rosenthal,MIL,RP,32,R,4500000
118,Ian Kennedy,ARI,RP,37,R,4500000
119,Cade Horton,CHC,SP,20,,4450000
120,Daniel Bard,COL,RP,37,R,4400000
121,Brooks Raley,TB,RP,34,L,4250000
122,Drew Smyly,CHC,SP,33,L,4250000
123,Connor Godwin,LAD,P,20,,4200000
124,Johnny Cueto,CHW,SP,36,R,4200000
125,Alex Colome,COL,RP,33,R,4100000
126,Martin Perez,TEX,SP,31,L,4000000
127,Dylan Bundy,MIN,SP,29,R,4000000
128,Craig Stammen,SD,RP,38,R,4000000
129,Chad Green,NYY,RP,31,R,4000000
130,Collin McHugh,ATL,RP,35,R,4000000
131,Gabriel Hughes,COL,SP,20,,4000000
132,Seth Lugo,NYM,RP,32,R,3925000
133,Trevor Williams,NYM,RP,30,R,3900000
134,Dylan Lesko,SD,SP,18,,3900000
135,Ryan Yarbrough,TB,SP,30,L,3850000
136,Sandy Alcantara,MIA,SP,26,R,3800000
137,Ross Stripling,TOR,SP,32,R,3790000
138,Archie Bradley,LAA,RP,29,R,3750000
139,Tommy Kahnle,LAD,RP,32,R,3725000
140,Brock Porter,TEX,SP,19,,3700000
141,Luke Jackson,ATL,RP,30,R,3600000
142,Brandon Barriera,TOR,SP,18,,3597500
143,Mychal Givens,NYM,RP,32,R,3500000
144,David Phelps,TOR,RP,35,R,3500000
145,Chris Martin,LAD,RP,36,R,3250000
146,Luis Garcia,SD,RP,35,R,3250000
147,Cooper Hjerpe,STL,SP,21,,3182200
148,Kenta Maeda,MIN,SP,34,R,3125000
149,Chris Flexen,SEA,RP,28,R,3050000
150,Carlos Estevez,COL,RP/CL,29,R,3025000
151,Jackson Ferris,CHC,SP,18,,3005000
152,Matthew Strahm,BOS,RP,30,L,3000000
153,Framber Valdez,HOU,SP,28,L,3000000
154,Danny Duffy,LAD,RP,33,L,3000000
155,Robby Snelling,SD,SP,18,,3000000
156,Pierce Johnson,SD,RP,31,R,3000000
157,Lou Trivino,NYY,RP,30,R,3000000
158,Dylan Floro,MIA,RP,31,R,3000000
159,Vincent Velasquez,CHW,RP,30,R,3000000
160,Chad Kuhl,COL,SP,29,R,3000000
161,Anthony Bass,TOR,RP,34,R,3000000
162,John Means,BAL,SP,29,L,2950000
163,Luke Weaver,KC,RP,28,R,2875000
164,Alexander Reyes,STL,RP,27,R,2850000
165,Noah Schultz,CHW,P,18,,2800000
166,Chris Archer,MIN,SP,33,R,2750000
167,Rafael Montero,HOU,RP,31,R,2725000
168,Brent Suter,MIL,RP,32,L,2700000
169,Chris Stratton,STL,RP,31,R,2700000
170,Nick Pivetta,BOS,SP,29,R,2650000
171,Joely Rodriguez,NYM,RP,30,L,2650000
172,Reynaldo Lopez,CHW,RP,28,R,2625000
173,Miguel Castro,NYY,RP,27,R,2620000
174,Owen Murphy,ATL,P,18,,2556900
175,Cal Quantrill,CLE,SP,27,R,2510000
176,Matt Moore,TEX,RP,33,L,2500000
177,Aaron Bummer,CHW,RP,28,L,2500000
178,Drew VerHagen,STL,RP,31,R,2500000
179,Freddy Peralta,MIL,SP,26,R,2484960
180,Pablo Lopez,MIA,SP,26,R,2450000
181,Adrian Houser,MIL,SP,29,R,2425000
182,Eric Lauer,MIL,SP,27,L,2425000
183,Giovanny Gallegos,STL,RP,30,R,2410000
184,Joe Ross,WSH,SP,29,R,2400000
185,Scott Barlow,KC,RP/CL,29,R,2400000
186,Ian Ritchie Jr.,ATL,P,19,,2400000
187,Jacob Misiorowski,MIL,SP,20,,2350000
188,Landon Sims,ARI,RP,21,,2347050
189,Emilio Pagan,MIN,RP,31,R,2300000
190,Justin Wilson,CIN,RP,34,L,2300000
191,Reggie Crawford,SF,P,21,,2297500
192,Chris Paddack,MIN,SP,26,R,2250000
193,Richard Bleier,MIA,RP,35,L,2250000
194,A.J. Minter,ATL,RP,28,L,2200000
195,Diego Castillo,SEA,RP,28,R,2150000
196,Erick Fedde,WSH,SP,29,R,2150000
197,Wandy Peralta,NYY,RP,30,L,2150000
198,Ryne Stanek,HOU,RP,30,R,2100000
199,Thomas Harrington,PIT,P,20,,2050000
200,Amir Garrett,KC,RP,30,L,2025000
201,Steve Cishek,WSH,RP,36,R,2000000
202,Anibal Sanchez,WSH,SP,38,R,2000000
203,Zach Plesac,CLE,SP,27,R,2000000
204,Jose Quintana,STL,SP,33,L,2000000
205,Caleb Smith,ARI,RP,30,L,2000000
206,Jose Cisnero,DET,RP,33,R,1900000
207,Emmanuel Clase,CLE,RP/CL,24,R,1900000
208,Jose Alvarado,PHI,RP/CL,27,L,1900000
209,Carson Whisenhunt,SF,SP,21,,1868720
210,Andrew Kittredge,TB,RP,32,R,1850000
211,Blade Tidwell,NYM,SP,21,,1850000
212,Jackson Cox,COL,SP,18,,1850000
213,Connor Prielipp,MIN,SP,21,,1825000
214,Hunter Strickland,CIN,RP,33,R,1825000
215,Luis Cessa,CIN,SP,30,R,1800000
216,Joe Jimenez,DET,RP,27,R,1790000
217,Brad Boxberger,MIL,RP,34,R,1750000
218,Domingo German,NYY,SP,29,R,1750000
219,Paul Sewald,SEA,RP/CL,32,R,1735000
220,Jake Bennett,WSH,P,21,,1734800
221,Jarlin Garcia,SF,RP,29,L,1725000
222,Jacob Miller,MIA,SP,18,,1700400
223,Justin Campbell,CLE,SP,21,,1700000
224,Jarlin Susana,SD,P,0,,1700000
225,Jonathan Loaisiga,NYY,RP,27,R,1650000
226,Adam Cimber,TOR,RP,31,R,1575000
227,Phil Maton,HOU,RP,29,R,1550000
228,Hunter Barco,PIT,SP,21,,1525000
229,Spencer Turnbull,DET,SP,29,R,1500000
230,Jorge Lopez,MIN,RP,29,R,1500000
231,Jose Alvarez,SF,RP,33,L,1500000
232,Sean Doolittle,WSH,RP,35,L,1500000
233,Jay Jackson,ATL,RP,34,R,1500000
234,Karson Milbrandt,MIA,SP,18,,1500000
235,Peyton Pallette,CHW,SP,21,,1500000
236,Zach Davies,ARI,SP,29,R,1500000
237,Reyes Moronta,ARI,RP,29,R,1500000
238,Steven Brault,CHC,RP,30,L,1500000
239,Cole Phillips,ATL,P,19,,1497500
240,Caden Dana,LAA,P,18,,1497500
241,Ryan Brasier,BOS,RP,34,R,1400000
242,Tyler Matzek,ATL,RP,31,L,1400000
243,Tim Hill,SD,RP,32,L,1325000
244,Elieser Hernandez,MIA,RP,27,R,1325000
245,Caleb Thielbar,MIN,RP,35,L,1300000
246,Parker Messick,CLE,SP,21,,1300000
247,Robert Stephenson,PIT,RP,29,R,1280000
248,Luis Garcia,HOU,SP,25,R,1251500
249,Walter Ford,SEA,P,17,,1250000
250,Adam Mazur,SD,SP,21,,1250000
251,Kyle Crick,CHW,RP,29,R,1250000
252,Tim Mayza,TOR,RP,30,L,1250000
253,Lucas Sims,CIN,RP,28,R,1250000
254,Jacob Zibin,CLE,P,17,,1200000
255,Adam Maier,ATL,P,20,,1200000
256,Drew Thorpe,NYY,SP,21,,1187600
257,Joey Lucchesi,NYM,SP,29,L,1150000
258,Ashton Izzi,SEA,P,18,,1100000
259,Clay Holmes,NYY,RP/CL,29,R,1100000
260,Brycen Mautz,STL,SP,20,,1100000
261,Taylor Hearn,TEX,RP,27,L,1050000
262,Tanner Scott,MIA,RP,27,L,1050000
263,Brett Martin,TEX,RP,27,L,1025000
264,Casey Sadler,SEA,RP,31,R,1025000
265,Josh Taylor,BOS,RP,29,L,1025000
266,Tyler Kinley,COL,RP,31,R,1025000
267,Michael Kennedy,PIT,SP,17,,1000000
268,Darren O'Day,ATL,RP,39,R,1000000
269,Kirby Yates,ATL,RP,35,R,1000000
270,Trevor Richards,TOR,RP,29,R,1000000
271,Nazier Mule,CHC,RP,17,,1000000
272,Ben Joyce,LAA,RP,21,,1000000
273,Jake Madden,LAA,RP,20,,997500
274,Daniel Coulombe,MIN,RP,32,L,979500
275,Taylor Clarke,KC,RP,29,R,975000
276,Jeffrey Springs,TB,SP,29,L,947500
277,Andres Munoz,SEA,RP,23,R,937500
278,Jordan Hicks,STL,RP,25,R,937500
279,Jeff Hoffman,CIN,RP,29,R,925000
280,Austin Adams,SD,RP,31,R,925000
281,Jonathan Cannon,CHW,SP,21,,925000
282,Lucas Luetge,NYY,RP,35,L,905000
283,Victor Arano,WSH,RP,27,R,900000
284,Jason Adam,TB,RP,30,R,900000
285,Austin Voth,BAL,SP,30,R,875000
286,Tanner Rainey,WSH,RP,29,R,860000
287,Buck Farmer,CIN,RP,31,R,850000
288,Ryan Borucki,SEA,RP,28,L,850000
289,Nick Anderson,TB,RP,31,R,845000
290,John Brebbia,SF,RP,32,R,837500
291,Matt Bush,MIL,RP,36,R,825000
292,Deolis Guerra,OAK,RP,33,R,815000
293,Andrew Taylor,HOU,SP,20,,807200
294,Miguel Diaz,DET,RP,27,R,800000
295,Andrew Vasquez,SF,RP,28,L,800000
296,Josh James,HOU,RP,29,R,800000
297,Henry Williams,SD,SP,20,,800000
298,Keynan Middleton,ARI,RP,28,R,800000
299,Carson Palmquist,COL,RP,21,,775000
300,Jack Brannigan,PIT,3B,21,,770700
301,Peter Lambert,COL,SP,25,R,762500
302,Jalen Beeks,TB,RP,28,L,750000
303,Dylan Cease,CHW,SP,26,R,750000
304,Cesar Vargas,COL,P,0,,750000
305,Ty Blach,COL,RP,31,L,750000
306,Drew Smith,NYM,RP,28,R,750000
307,Cristian Javier,HOU,SP,25,R,749100
308,Jose Urquidy,HOU,SP,27,R,748700
309,Zac Gallen,ARI,SP,26,R,745600
310,Alec Mills,CHC,SP,30,R,741250
311,Codi Heuer,CHC,RP,25,R,734000
312,Ranger Suarez,PHI,SP,26,L,730000
313,Tyler Rogers,SF,RP,31,R,730000
314,Logan Webb,SF,SP,25,R,730000
315,Dustin May,LAD,SP,24,R,730000
316,Michael Kopech,CHW,SP,26,R,730000
317,Alek Manoah,TOR,SP,24,R,730000
318,Jaime Barria,LAA,RP,25,R,730000
319,Griffin Canning,LAA,SP,26,R,730000
320,Josh Staumont,KC,RP,28,R,728000
321,Nestor Cortes,NYY,SP,27,L,727500
322,Caleb Ferguson,LAD,RP,25,L,726500
323,Brady Singer,KC,SP,25,R,726250
324,Kyle Finnegan,WSH,RP/CL,30,R,725900
325,Seranthony Dominguez,PHI,RP,27,R,725000
326,Trevor Gott,MIL,RP,29,R,725000
327,JT Brubaker,PIT,SP,28,R,725000
328,Mitch Keller,PIT,SP,26,R,725000
329,Duane Underwood,PIT,RP,27,R,725000
330,Rowan Wick,CHC,RP,29,R,724000
331,Michael King,NYY,RP,27,R,722500
332,Ryan Helsley,STL,RP/CL,27,R,722450
333,Gregory Soto,DET,RP,27,L,722400
334,Trevor Rogers,MIA,SP,24,L,722000
335,Nabil Crismatt,SD,RP,27,R,721500
336,Cody Stashak,MIN,RP,28,R,720400
337,Jose Quijada,LAA,RP,26,L,720000
338,Patrick Sandoval,LAA,SP,25,L,720000
339,Jose Suarez,LAA,SP,24,L,720000
340,Tejay Antone,CIN,RP,28,R,720000
341,Justin Dunn,CIN,SP,26,R,720000
342,Jonathan Hernandez,TEX,RP,25,R,720000
343,Dennis Santana,TEX,RP,26,R,720000
344,Garrett Whitlock,BOS,RP,26,R,720000
345,Anthony Gonsolin,LAD,SP,28,R,720000
346,Victor Gonzalez,LAD,RP,26,L,720000
347,Brusdar Graterol,LAD,RP,23,R,720000
348,Evan Phillips,LAD,RP/CL,27,R,720000
349,Alex Vesia,LAD,RP,26,L,720000
350,Jose Ruiz,CHW,RP,27,R,720000
351,Kyle Wright,ATL,SP,26,R,720000
352,Huascar Ynoa,ATL,SP,24,R,720000
353,Jimmy Herget,LAA,RP,28,R,720000
354,Bryan Abreu,HOU,RP,25,R,719600
355,Adbert Alzolay,CHC,RP,27,R,718250
356,Jorge Alcala,MIN,RP,26,R,717900
357,Sean Reid-Foley,NYM,RP,26,R,717500
358,Sean Poppen,ARI,RP,28,R,717400
359,Brad Wieck,CHC,RP,30,L,717000
360,Joe Mantiply,ARI,RP,31,L,717000
361,Tyler Alexander,DET,SP,27,L,716900
362,Aaron Civale,CLE,SP,27,R,716900
363,Paolo Espino,WSH,SP,35,R,716200
364,Tanner Houck,BOS,RP,26,R,716000
365,Connor Brogdon,PHI,RP,27,R,715000
366,Jesus Luzardo,MIA,SP,24,L,715000
367,Garrett Crochet,CHW,RP,23,L,715000
368,David Bednar,PIT,RP/CL,27,R,715000
369,Blake Cederlind,PIT,RP,26,R,715000
370,Wil Crowe,PIT,RP,27,R,715000
371,Bryse Wilson,PIT,SP,24,R,715000
372,Anthony Misiewicz,KC,RP,27,L,714900
373,James Karinchak,CLE,RP,26,R,714500
374,Devin Williams,MIL,RP/CL,27,R,714500
375,Pete Fairbanks,TB,RP/CL,28,R,714400
376,Jake Woodford,STL,RP,25,R,714350
377,Casey Mize,DET,SP,25,R,714200
378,Brock Burke,TEX,RP,25,L,714000
379,Dane Dunning,TEX,SP,27,R,714000
380,John King,TEX,RP,27,L,714000
381,Josh Sborz,TEX,RP,28,R,714000
382,Kris Bubic,KC,SP,24,L,713750
383,Humberto Castellanos,ARI,SP,24,R,713700
384,Tarik Skubal,DET,SP,25,L,713600
385,Anthony Bender,MIA,RP,27,R,713000
386,Clarke Schmidt,NYY,RP,26,R,712500
387,Logan Gilbert,SEA,SP,25,R,712300
388,Drew Rasmussen,TB,SP,26,R,711800
389,Erik Swanson,SEA,RP,28,R,711600
390,Dillon Tate,BAL,RP,28,R,711500
391,Shane McClanahan,TB,SP,25,L,711400
392,Yohan Ramirez,PIT,RP,27,R,711400
393,Jake Brentz,KC,RP,27,L,711250
394,J.T. Chargois,TB,RP,31,R,710500
395,Tyler Zuber,KC,RP,27,R,710500
396,Jordan Romano,TOR,RP/CL,29,R,710400
397,Kyle Funkhouser,DET,RP,28,R,710200
398,Tucker Davidson,LAA,SP,26,L,710000
399,Reid Detmers,LAA,SP,22,L,710000
400,Chris Rodriguez,LAA,SP,23,R,710000
401,Paul Blackburn,OAK,SP,28,R,710000
402,Garrett Cleavinger,TB,RP,28,L,710000
403,Austin Gomber,COL,RP,28,L,710000
404,Spencer Strider,ATL,SP,23,R,710000
405,Keegan Akin,BAL,RP,27,L,709500
406,Steven Okert,MIA,RP,30,L,709000
407,Joel Payamps,OAK,RP,28,R,708750
408,Carlos Hernandez,KC,RP,25,R,708750
409,J.P. Feyereisen,TB,RP,29,R,708600
410,Andres Machado,WSH,RP,29,R,708200
411,Vladimir Gutierrez,CIN,SP,26,R,707500
412,Albert Abreu,NYY,RP,26,R,707500
413,Tylor Megill,NYM,RP,26,R,707500
414,Tayler Saucedo,TOR,RP,29,L,707500
415,Josh Fleming,TB,RP,26,L,707400
416,Triston McKenzie,CLE,SP,24,R,707100
417,Jake Cousins,MIL,RP,27,R,706400
418,Bailey Ober,MIN,SP,26,R,706200
419,Trent Thornton,TOR,RP,28,R,706200
420,Keegan Thompson,CHC,SP,27,R,706000
421,Dean Kremer,BAL,SP,26,R,705500
422,Matt Manning,DET,SP,24,R,705300
423,Hoby Milner,MIL,RP,31,L,705100
424,Justin Steele,CHC,SP,26,L,705000
425,Cole Irvin,OAK,SP,28,L,705000
426,James Kaprielian,OAK,SP,28,R,705000
427,A.J. Puk,OAK,RP/CL,27,L,705000
428,Cionel Perez,BAL,RP,26,L,705000
429,Daniel Castano,MIA,SP,27,L,705000
430,Max Kranick,PIT,SP,24,R,705000
431,Nick Mears,PIT,RP,25,R,705000
432,Zach Thompson,PIT,RP,28,R,705000
433,Miguel Yajure,PIT,RP,24,R,705000
434,Javier Guerra,TB,RP,26,R,704900
435,Rony Garcia,DET,SP,24,R,704800
436,Aaron Ashby,MIL,SP,24,L,704500
437,Tyler Wells,BAL,SP,27,R,704500
438,Adrian Morejon,SD,RP,23,L,704500
439,Joe Barlow,TEX,RP,26,R,704000
440,Cody Poteet,MIA,RP,27,R,704000
441,Camilo Doval,SF,RP/CL,24,R,703750
442,Sam Long,SF,RP,26,L,703750
443,Alex Lange,DET,RP/CL,26,R,703700
444,Daniel Lynch,KC,SP,25,L,703600
445,Josiah Gray,WSH,SP,24,R,703500
446,Trevor Stephan,CLE,RP,26,R,703400
447,Bailey Falter,PHI,SP,25,L,703000
448,Sean Guenther,MIA,RP,26,L,703000
449,Anthony Gose,CLE,RP,31,L,702900
450,Tony Santillan,CIN,RP,25,R,702500
451,Art Warren,CIN,RP,29,R,702500
452,Michael Rucker,CHC,RP,28,R,702500
453,Sam Hentges,CLE,RP,25,L,702500
454,Stephen Ridings,NYY,RP,26,R,702500
455,Justin Topa,MIL,RP,31,R,702200
456,Mason Thompson,WSH,RP,24,R,702200
457,Eli Morgan,CLE,RP,26,R,702100
458,Kent Emanuel,PHI,RP,30,L,702000
459,Kutter Crawford,BOS,SP,26,R,702000
460,Lucas Gilbreath,COL,RP,26,L,702000
461,Nick Sandlin,CLE,RP,25,R,701700
462,Joe Ryan,MIN,SP,26,R,701650
463,Scott Effross,NYY,RP,28,R,701500
464,Jason Foley,DET,RP,26,R,701400
465,Brendan McKay,TB,SP,26,L,701200
466,Shane Baz,TB,SP,23,R,701100
467,Mike Baumann,BAL,RP,26,R,701000
468,Dylan Coleman,KC,RP,25,R,700650
469,Bryan Baker,BAL,RP,27,R,700500
470,Jhon Romero,MIN,RP,27,R,700400
471,Matt Brash,SEA,RP,24,R,700100
472,Andre Pallante,STL,RP,23,,700000
473,Tommy Hunter,NYM,RP,35,R,700000
474,Colin Holderman,PIT,RP,26,,700000
475,Nate Savino,ARI,SP,20,,700000
476,Zack Thompson,STL,RP,24,L,700000
477,Johan Oviedo,PIT,SP,24,R,700000
478,Jhonathan Diaz,LAA,SP,25,L,700000
479,Tyler Gilbert,ARI,SP,28,L,700000
480,Chase Anderson,CIN,SP,34,R,700000
481,Kevin Ginkel,ARI,RP,28,R,700000
482,Graham Ashcraft,CIN,SP,24,,700000
483,Fernando Cruz,CIN,RP,32,,700000
484,Alexis Diaz,CIN,RP/CL,25,R,700000
485,Eric Stout,PIT,RP,29,,700000
486,Tommy Henry,ARI,SP,24,L,700000
487,Bryce Montes de Oca,NYM,RP,26,,700000
488,Javier Assad,CHC,SP,24,,700000
489,Beau Brieske,DET,SP,24,,700000
490,Ian Gibaut,CIN,RP,28,R,700000
491,Hunter Greene,CIN,SP,22,R,700000
492,Joel Kuhnel,CIN,RP,27,R,700000
493,Drey Jameson,ARI,SP,24,R,700000
494,Derek Law,CIN,RP,31,R,700000
495,Nick Lodolo,CIN,SP,24,,700000
496,David Peterson,NYM,RP,26,L,700000
497,Angel De Jesus,DET,RP,25,R,700000
498,Mark Appel,PHI,RP,30,,700000
499,Kyle Nelson,ARI,RP,25,L,700000
500,Connor Overton,CIN,RP,28,R,700000
501,Bryan Garcia,DET,RP,27,R,700000
502,Andrew Bellatti,PHI,RP,30,R,700000
503,Ryne Nelson,ARI,SP,24,R,700000
504,Brandon Hughes,CHC,RP,26,,700000
505,Nash Walters,LAA,SP,25,,700000
506,Garrett Hill,DET,SP,26,,700000
507,Andrew Wantz,LAA,RP,26,R,700000
508,Hans Crouse,PHI,SP,23,R,700000
509,Zack Weiss,LAA,RP,30,R,700000
510,Reiver Sanmartin,CIN,RP,26,L,700000
511,Mark Leiter Jr.,CHC,RP/CL,31,R,700000
512,Daniel Norris,DET,RP,29,L,700000
513,Rob Zastryzny,LAA,RP,30,L,700000
514,Taylor Widener,ARI,RP,27,R,700000
515,Will Vest,DET,RP,27,R,700000
516,Damon Jones,PHI,RP,27,L,700000
517,Ethan Roberts,CHC,RP,24,R,700000
518,Manuel Rodriguez,CHC,RP,25,R,700000
519,Adrian Sampson,CHC,SP,30,R,700000
520,James McArthur,PHI,SP,25,R,700000
521,Erich Uelmen,CHC,RP,26,,700000
522,A.J. Alexy,TEX,RP,24,R,700000
523,Hayden Wesneski,CHC,SP,24,,700000
524,Matt Festa,SEA,RP,29,R,700000
525,Glenn Otto,TEX,SP,26,R,700000
526,George Kirby,SEA,SP,24,R,700000
527,Cole Ragans,TEX,SP,24,,700000
528,Domingo Acevedo,OAK,RP,28,R,700000
529,Penn Murfee,SEA,RP,28,,700000
530,Yerry Rodriguez,TEX,SP,24,R,700000
531,Brayan Bello,BOS,SP,23,R,700000
532,Jesus Tinoco,TEX,RP,27,R,700000
533,Tyler Cyr,OAK,RP,29,R,700000
534,Frank German,BOS,RP,24,,700000
535,Darwinzon Hernandez,BOS,RP,25,L,700000
536,Zach Jackson,OAK,RP,27,,700000
537,Daulton Jefferies,OAK,SP,26,R,700000
538,Zack Kelly,BOS,RP,27,,700000
539,Dany Jimenez,OAK,RP,28,R,700000
540,Yency Almonte,LAD,RP,28,R,700000
541,Jared Koenig,OAK,RP,28,,700000
542,Enyel De Los Santos,CLE,RP,26,R,700000
543,Hunter Brown,HOU,RP,23,,700000
544,Phil Bickford,LAD,RP,26,R,700000
545,Kaleb Ort,BOS,RP,30,,700000
546,John Schreiber,BOS,RP,28,R,700000
547,Michael Grove,LAD,SP,25,,700000
548,Scott Alexander,SF,RP,32,L,700000
549,Jimmy Nelson,LAD,RP,33,R,700000
550,Jharel Cotton,SF,SP,30,R,700000
551,Kirk McCarty,CLE,RP,26,,700000
552,Cody Morris,CLE,SP,25,R,700000
553,Sam Delaplane,SF,RP,27,R,700000
554,Jason Alexander,MIL,RP,29,,700000
555,Adrian Martinez,OAK,SP,25,R,700000
556,Sean Hjelle,SF,RP,25,R,700000
557,Sam Moll,OAK,RP,30,L,700000
558,Cory Abbott,WSH,SP,26,R,700000
559,Mauricio Llovera,SF,RP,26,R,700000
560,Jandel Gustave,MIL,RP,29,R,700000
561,Adam Oller,OAK,SP,27,R,700000
562,Austin Pruitt,OAK,RP,32,R,700000
563,Yunior Marte,SF,RP,27,R,700000
564,Norge Ruiz,OAK,RP,28,,700000
565,JP Sears,OAK,SP,26,L,700000
566,Shelby Miller,SF,SP,31,R,700000
567,Cade Cavalli,WSH,SP,23,R,700000
568,Sam Selman,OAK,RP,31,L,700000
569,Luis Ortiz,SF,SP,26,R,700000
570,C.J. Edwards,WSH,RP,30,R,700000
571,Jhoan Duran,MIN,RP/CL,24,R,700000
572,Kirby Snead,OAK,RP,27,L,700000
573,Gregory Santos,SF,RP,22,R,700000
574,Shawn Armstrong,TB,RP,31,R,700000
575,MacKenzie Gore,WSH,RP,23,L,700000
576,Felix Bautista,BAL,RP/CL,27,R,700000
577,Luis Perdomo,MIL,RP,29,R,700000
578,Thomas Szapucki,SF,RP,26,L,700000
579,Hunter Harvey,WSH,RP,27,R,700000
580,Kyle Bradish,BAL,SP,25,R,700000
581,Ken Waldichuk,OAK,SP,24,,700000
582,Evan Lee,WSH,RP,25,L,700000
583,Collin Wiles,OAK,RP,28,,700000
584,Yennier Cano,BAL,RP,28,,700000
585,Griffin Jax,MIN,RP,27,R,700000
586,Cole Waites,SF,RP,24,,700000
587,Chris Ellis,BAL,SP,29,R,700000
588,Miguel Sanchez,MIL,RP,28,R,700000
589,Logan Gillaspie,BAL,RP,25,R,700000
590,Erasmo Ramirez,WSH,RP,32,R,700000
591,D.L. Hall,BAL,RP,23,L,700000
592,Peter Strzelecki,MIL,RP,27,,700000
593,Alex Young,SF,RP,28,L,700000
594,Jackson Tetreault,WSH,SP,26,,700000
595,Trevor Megill,MIN,RP,28,R,700000
596,Jordan Weems,WSH,RP,29,R,700000
597,Jovani Moran,MIN,RP,25,L,700000
598,Maximo Castillo,KC,RP,23,,700000
599,Colin Poche,TB,RP,28,L,700000
600,Jon Heasley,KC,SP,25,R,700000
601,Aaron Sanchez,MIN,RP,29,R,700000
602,Ryan Thompson,TB,RP,30,R,700000
603,Jimmy Yacabonis,TB,RP,30,R,700000
604,Jake Eder,MIA,P,23,,700000
605,Cole Sands,MIN,RP,24,R,700000
606,Huascar Brazoban,MIA,RP,32,,700000
607,Jeff Brigham,MIA,RP,30,R,700000
608,Collin Snider,KC,RP,26,R,700000
609,Spenser Watkins,BAL,SP,29,R,700000
610,Edward Cabrera,MIA,SP,24,R,700000
611,Paul Campbell,MIA,RP,26,R,700000
612,Angel Zerpa,KC,SP,22,L,700000
613,Jake Fishman,MIA,RP,27,,700000
614,Louie Varland,MIN,P,24,,700000
615,Jimmy Lambert,CHW,RP,27,R,700000
616,Braxton Garrett,MIA,SP,24,L,700000
617,Davis Martin,CHW,SP,25,,700000
618,Jake Bird,COL,RP,26,,700000
619,Steven Wilson,SD,RP,27,R,700000
620,Silvino Bracho,ATL,RP,29,R,700000
621,Noah Davis,COL,RP,25,R,700000
622,Bryan Hoeing,MIA,RP,25,,700000
623,Ryan Feltner,COL,SP,25,R,700000
624,Jordan Holloway,MIA,RP,26,R,700000
625,Gavin Hollowell,COL,RP,24,,700000
626,Josh Winder,MIN,SP,25,R,700000
627,Justin Lawrence,COL,RP/CL,27,R,700000
628,Max Meyer,MIA,SP,23,R,700000
629,Jonathan Stiever,CHW,SP,25,R,700000
630,Helcris Olivarez,COL,SP,21,L,700000
631,Tommy Nance,MIA,RP,31,R,700000
632,Bryce Elder,ATL,SP,23,,700000
633,Ryan Rolison,COL,SP,24,L,700000
634,Andrew Nardi,MIA,RP,23,,700000
635,Chad Smith,COL,P,27,,700000
636,Luis Gil,NYY,SP,24,R,700000
637,Jose Urena,COL,SP,30,R,700000
638,Dylan Lee,ATL,RP,27,L,700000
639,Ron Marinaccio,NYY,RP,27,R,700000
640,Jackson Stephens,ATL,RP,28,R,700000
641,Piterson Rosa,PIT,P,0,,700000
642,Manny Banuelos,PIT,RP,31,L,700000
643,John Curtiss,NYM,RP,29,R,700000
644,Chase De Jong,PIT,RP,28,R,700000
645,Zach Pop,TOR,RP,25,R,700000
646,Yerry De Los Santos,PIT,RP,24,,700000
647,Matthew Liberatore,STL,SP,22,,700000
648,Junior Fernandez,PIT,RP,25,R,700000
649,Seth Keller,ATL,P,18,,697500
650,Blake Burkhalter,ATL,P,21,,647500
651,Pete Hansen,STL,SP,21,,629800
652,Trystan Vrieling,NYY,SP,21,,611400
653,Max Rajcic,STL,P,20,,600000
654,Jackson Humphries,CLE,P,17,,600000
655,Gary Gill Hill,TB,P,17,,597500
656,Trevor Martin,TB,P,21,,586200
657,Alexander McFarlane,PHI,P,21,,575000
658,Dylan Ray,ARI,P,21,,565800
659,William Kempner,SF,RP,21,,525000
660,Bryce Hubbart,CIN,SP,21,,522500
661,Marcus Johnson,MIA,RP,21,,510000
662,Huang-Leng Chang,PIT,P,0,,500000
663,Nixon Encarnacion,LAA,P,0,,500000
664,Blake Loubier,BOS,P,21,,500000
665,Steven Zobac,KC,SP,21,,500000
666,Braian Salazar,SD,P,0,,500000
667,Andrew Morris,MIN,RP,20,,500000
668,Andrew Morris,MIN,RP,20,,500000
669,Caden Vire,MIL,P,18,,497500
670,Chase Hampton,NYY,P,20,,497500
671,Jacob Watters,OAK,RP,21,,491750
672,Michael Knorr,HOU,SP,22,,487500
673,Abel Fuerte,ARI,P,17,,450000
674,Dalton Rogers,BOS,RP,21,,447500
675,Trey Dombroski,HOU,SP,21,,443900
676,Zack Showalter,BAL,P,18,,440000
677,Austin Charles,KC,3B,18,,429500
678,Kenya Huggins,CIN,SP,19,,407500
679,Josh White,MIA,RP,21,,406500
680,Ben Brutti,CIN,P,19,,405000
681,Spencer Giesting,ARI,P,20,,400000
682,David Sandlin,KC,P,21,,400000
683,Trace Bright,BAL,SP,21,,400000
684,Isaiah Lowe,SD,P,19,,400000
685,Connor Staine,COL,SP,21,,400000
686,Ervin Torres,COL,P,0,,400000
687,Hunter Patteson,KC,SP,22,,394500
688,Brandon Birdsell,CHC,RP,22,,385000
689,Spencer Miles,SF,P,21,,347500
690,Brendan Cellucci,BOS,P,24,,345000
691,Eric Reyzelman,NYY,P,21,,340700
692,Noah Dean,BOS,RP,21,,325000
693,Chris Villaman,TB,P,21,,325000
694,Preston Johnson,BAL,P,22,,325000
695,Tyler Schweitzer,CHW,P,21,,325000
696,Orion Kerkering,PHI,RP,21,,322500
697,Sam Bower,SF,P,21,,317500
698,Liam Simon,SF,P,21,,317500
699,Derek Diamond,PIT,P,21,,311600
700,Michael Prosecky,COL,P,21,,300000
701,Tyler Gough,SEA,P,18,,275000
702,Dylan DeLucia,CLE,P,21,,275000
703,Jackson Fristoe,NYY,P,21,,272500
704,Jack Perkins,OAK,SP,22,,270750
705,Jeffrey Amparo,ARI,SP,17,,270000
706,Matt Wyatt,TB,P,21,,260100
707,Luis Ramirez,TEX,P,21,,250000
708,Luke Young,WSH,P,20,,250000
709,Mavis Graves,PHI,P,18,,247500
710,Riley Cornelio,WSH,P,22,,241600
711,Cedric De Grandpre,ATL,P,20,,237500
712,Mack Anglin,KC,P,21,,231100
713,Will Frisch,CHC,P,21,,228000
714,Victor Mederos,LAA,P,21,,227750
715,Jonah Tong,NYM,P,19,,226000
716,Will Mabrey,ARI,RP,21,,225000
717,Mason Fluharty,TOR,RP,20,,222500
718,Zach Maxwell,CIN,P,21,,222500
719,Tyler Stuart,NYM,P,22,,220000
720,Luis Rujano,CHC,P,19,,210000
721,Ryan Harvey,NYY,P,21,,210000
722,Cam Schlittler,NYY,P,21,,205000
723,Nolan Perry,TOR,P,18,,200000
724,Connor Brandon,NYM,P,21,,200000
725,Mason McGwire,CHC,P,18,,200000
726,Connor Noland,CHC,P,22,,200000
727,Eric Adler,CHW,P,21,,200000
728,Eric Adler,CHW,P,21,,200000
729,Nolan DeVos,HOU,P,21,,197500
730,Cameron Weston,BAL,P,21,,197400
731,Cameron Weston,BAL,P,21,,197400
732,Chance Huff,WSH,P,22,,191700
733,Hayden Birdsong,SF,P,20,,187500
734,Wesley Scott,KC,P,21,,184000
735,Chris McElvain,CIN,P,21,,178200
736,Chris McElvain,CIN,P,21,,178200
737,Kyle Jones,MIN,P,22,,176700
738,Chandler Arnold,STL,P,22,,175000
739,Cy Nielson,PIT,P,21,,175000
740,Kohl Drake,TEX,P,21,,175000
741,Brady Hill,COL,P,21,,175000
742,Davis Palermo,COL,P,22,,175000
743,Cade Winquest,STL,P,22,,174600
744,A.J. Blubaugh,HOU,P,21,,172500
745,Paul Gervase,NYM,P,22,,170000
746,Nate Peterson,MIL,P,22,,167500
747,Zach Agnos,COL,P,21,,165000
748,Geo Rivera Jr.,CLE,P,21,,160000
749,J.P. Massey,PIT,P,22,,150000
750,Jake Miller,DET,P,21,,150000
751,Will Rudy,MIL,P,21,,150000
752,Drew Sommers,TB,P,21,,150000
753,Caleb Freeman,CHW,P,24,,150000
754,Mark McLaughlin,CHW,P,21,,150000
755,Wyatt Cheney,BAL,P,21,,150000
756,Andrew Vail,SD,P,21,,150000
757,Jared Poland,MIA,SP,22,,149000
758,Mike Walsh,PIT,P,21,,147500
759,Evan Taylor,MIA,P,22,,140000
760,Cory Lewis,MIN,P,21,,140000
761,Landon Harper,ATL,P,21,,140000
762,Jared Southard,LAA,P,21,,137500
763,Dylan Tebrake,NYM,P,22,,136425
764,Brody Jessee,CIN,P,21,,132500
765,Joe Adametz,DET,P,22,,130000
766,Javier Ramos,COL,P,22,,130000
767,Bryce Osmond,LAA,P,21,,129500
768,Shane Gray,NYY,P,22,,125000
769,James Acuna,ATL,RP,24,,125000
770,Sebastian Keane,NYY,P,21,,125000
771,Trevor Kirk,NYY,P,21,,125000
772,Indigo Diaz,ATL,P,23,,125000
773,Hayden Merda,NYY,P,22,,125000
774,C.J. Culpepper,MIN,P,20,,125000
775,Ben Ethridge,MIN,P,20,,125000
776,Bo Bonds,TOR,P,21,,125000
777,Zebby Matthews,MIN,P,22,,125000
778,Pat Gallagher,TOR,P,22,,125000
779,Gage Stanifer,TOR,P,18,,125000
780,Joseph King,STL,P,21,,125000
781,John Lynch,STL,P,21,,125000
782,Johnathan Harmon,CIN,P,21,,125000
783,Joseph Menefee,CIN,P,22,,125000
784,Max Gieg,LAA,P,21,,125000
785,Mason Pelio,CIN,P,21,,125000
786,Joe Miller,DET,P,22,,125000
787,Sammy Natera Jr.,LAA,P,22,,125000
788,Adam Serwinowski,CIN,P,18,,125000
789,Albert Oliva,DET,P,19,,125000
790,Julian Bosnic,PIT,P,22,,125000
791,Patrick Pridgen,DET,P,23,,125000
792,Cole Stupp,DET,P,21,,125000
793,Miguel Fulgencio,PIT,P,23,,125000
794,Dominic Perachi,PIT,P,21,,125000
795,Jimmy Loper,NYM,P,22,,125000
796,Dylan Ross,NYM,P,21,,125000
797,Chris Santiago,NYM,P,21,,125000
798,Porter Hodge,CHC,P,21,,125000
799,Shane Marshall,CHC,P,22,,125000
800,Brody McCullough,CHC,P,22,,125000
801,Eli Saul,ARI,P,20,,125000
802,Branden Noriega,CHC,P,20,,125000
803,Mathew Peters,CHC,P,21,,125000
804,JP Wheat,CHC,P,19,,125000
805,Darren Bowen,SEA,P,21,,125000
806,Tyler Cleveland,SEA,P,22,,125000
807,Marcelo Perez,SEA,P,22,,125000
808,Troy Taylor,SEA,P,20,,125000
809,Nick Bautista III,TEX,P,20,,125000
810,Jackson Kelley,TEX,P,22,,125000
811,Andrew Owen,TEX,P,20,,125000
812,Justin Sanchez,TEX,P,18,,125000
813,Joey Mancini,HOU,P,21,,125000
814,Magnus Ellerts,CLE,P,21,,125000
815,Jared Karros,LAD,P,21,,125000
816,Zach Jacobs,CLE,P,20,,125000
817,Payton Martin,LAD,P,18,,125000
818,Jack Jasiak,CLE,P,21,,125000
819,Jacob Meador,LAD,P,21,,125000
820,Austin Peterson,CLE,P,22,,125000
821,Javier Santos,CLE,RP,19,,125000
822,Adam Tulloch,CLE,P,21,,125000
823,Willian Colmenares,BOS,P,0,,125000
824,Mark Adamiak,OAK,P,21,,125000
825,T.J. Czyz,OAK,P,21,,125000
826,Micah Dallas,OAK,P,22,,125000
827,Jake Pfennigs,OAK,P,22,,125000
828,Tyler Vogel,SF,P,21,,125000
829,Marquis Grissom Jr.,WSH,P,20,,125000
830,Bubba Hall,WSH,P,22,,125000
831,Will Childers,MIL,P,21,,125000
832,Chazz Martinez,KC,P,22,,125000
833,Alex Cook,TB,P,21,,125000
834,Cooper McKeehan,KC,P,21,,125000
835,Aidan Maldonado,MIL,P,22,,125000
836,Ryan Ramsey,KC,P,21,,125000
837,Brad Lord,WSH,P,22,,125000
838,Ben Sears,KC,P,22,,125000
839,Kyle Luckham,WSH,P,22,,125000
840,Jordan Woods,KC,P,0,,125000
841,Cameron Wagoner,MIL,P,21,,125000
842,Nick Altermatt,CHW,P,22,,125000
843,Jared Beck,BAL,P,21,,125000
844,Bradley Brehmer,BAL,P,22,,125000
845,Shane Murphy,CHW,P,21,,125000
846,Alex Williams,MIA,P,22,,125000
847,Blake Adams,COL,P,21,,125000
848,Caleb Franzen,COL,P,21,,125000
849,Reese Sharp,BAL,P,21,,125000
850,Tyler Hoffman,COL,P,22,,125000
851,Braxton Hyde,COL,P,21,,125000
852,Thomas Balboni Jr.,SD,P,21,,125000
853,Austin Krob,SD,P,22,,125000
854,Henry Martinez,SD,P,18,,125000
855,Kris Bow,NYY,P,21,,125000
856,Geoffrey Gilbert,NYY,P,21,,125000
857,Matt Keating,NYY,P,21,,122500
858,Devereaux Harrison,TOR,P,21,,122500
859,Tyler Guilfoil,HOU,P,22,,122500
860,Jaret Godman,BOS,P,22,,122500
861,Marques Johnson,BOS,P,21,,122500
862,Cade Halemanu,TB,P,21,,122500
863,Nathan Landry,BOS,P,23,,112500
864,Ian Mejia,ATL,P,22,,100000
865,Ben Thompson,ATL,RP,24,,100000
866,D.J. Carpenter,STL,P,22,,100000
867,Hunter Hayes,STL,P,21,,100000
868,Trey Braithwaite,CIN,P,24,,100000
869,Jared Lyons,CIN,P,21,,100000
870,Elijah Birdsong,PIT,P,22,,100000
871,Eli Ankeney,NYM,P,21,,100000
872,Logan Clayton,ARI,P,22,,100000
873,Brandon Schaeffer,SEA,P,22,,100000
874,Jake Garland,OAK,P,21,,100000
875,Vince Reilly,OAK,P,21,,100000
876,Ethan Hammerberg,CHW,P,21,,100000
877,Billy Seidl,CHW,P,22,,100000
878,Brian Fitzpatrick,MIL,P,22,,100000
879,Ike Buxton,MIA,P,21,,100000
880,Tyler Woessner,MIL,P,22,,100000
881,Austin Becker,COL,P,22,,100000
882,Carson Skipper,COL,P,22,,100000
883,Carlos Torres,COL,P,21,,100000
884,Brett Gillis,HOU,P,22,,97500
885,Hayden Mullins,BOS,P,21,,97500
886,Garrett Ramsey,BOS,P,22,,97500
887,Jack Choate,SF,P,21,,87500
888,Nate Dahle,TB,P,24,,87500
889,Zachary Veen,MIN,P,21,,80000
890,Jaycob Deese,PIT,P,22,,80000
891,Garrett Brown,CHC,P,22,,80000
892,Graham Firoved,BAL,P,22,,80000
893,Helcris Olivarez,COL,P,21,L,77000
894,William Silva,ATL,P,20,,75000
895,Quinn Gudaitis,DET,P,23,,75000
896,Easton Sikorski,CIN,P,22,,75000
897,Josh Bortka,PHI,P,22,,75000
898,Nathan Karaffa,PHI,P,21,,75000
899,Blaze Pontes,OAK,P,22,,75000
900,Mason Adams,CHW,P,22,,75000
901,Tristan Stivors,CHW,P,23,,75000
902,Jack Gowen,MIA,P,22,,75000
903,T.J. Brock,TOR,P,22,,72500
904,Alex Rao,PHI,P,22,,72500
905,Connor Butler,BOS,P,22,,72500
906,Ryan Jennings,TOR,P,23,,70000
907,Jhonly Taveras,ATL,,17,,65000
908,Will Brian,NYY,P,23,,57500
909,Ryan Chasse,TOR,P,22,,50000
910,Trevin Michael,DET,P,24,,50000
911,Cesar Jimenez,ARI,P,16,,50000
912,Cesar Jimenez,ARI,P,16,,50000
913,Drew Garrett,PHI,P,22,,50000
914,Stefan Raeth,SEA,P,21,,50000
915,Shawn Rapp,CLE,P,21,,50000
916,Roel Garcia III,TB,P,23,,50000
917,Rob Hensey,CIN,P,21,,47500
918,John Bertrand,SF,P,24,,47500
919,Brandon Johnson,KC,P,23,,47500
920,Sean Harney,TB,P,23,,47500
921,Dale Stanavich,MIA,P,23,,47500
922,Cameron Foster,NYM,P,23,,40000
923,Feleipe Franks,BOS,P,24,,40000
924,Kyle Crigger,MIA,P,23,,37500
925,Jhonny Martinez,ATL,,17,,35000
926,Yorvi Pirela,ATL,,17,,35000
927,Cole Patten,DET,P,22,,35000
928,Alex Hoppe,BOS,P,23,,32250
929,Moises Lira,ARI,SP,17,,30000
930,Roman Phansalkar,LAA,P,24,,27500
931,Brandon Neeck,LAD,P,22,,27500
932,Jackson Smeltz,SD,P,23,,25000
933,Matt Hickey,STL,P,24,,25000
934,Tanner Jacobson,STL,P,22,,25000
935,Joshua Loeschorn,PIT,P,22,,25000
936,Nick Hull,CHC,P,22,,25000
937,Duncan Davitt,TB,P,22,,25000
938,Dylan Nedved,SD,P,23,,20000
939,Zebulon Vermillion,NYM,P,23,,20000
940,Daniel Harper,PHI,P,23,,20000
941,Reid VanScoter,SEA,P,23,,20000
942,Cade Gibson,MIA,P,24,,12500
943,Genderson Almonte,ATL,,18,,10000
944,Luis Cohen,BOS,P,0,,10000
945,Inmer Lobo,BOS,P,0,,10000
946,Denis Reguillo,BOS,P,0,,10000
947,Denison Sanchez,BOS,P,0,,10000
948,Darlin de la Cruz,BOS,P,0,,8000
949,Ian Churchill,TOR,P,23,,7500
950,Caleb Bolden,BOS,P,23,,7500
951,Jonathan Brand,BOS,P,22,,7500
952,Isaac Coffey,BOS,P,22,,7500
953,Matt Brosky,TEX,P,22,,5000
954,Jason Franks,ATL,P,23,,2500
955,Luke Chevalier,COL,P,25,,2500
956,Chris Kachmar,CHC,P,25,,1000
