No,Name,Team,Position,Age,Bats,Salary
1,Mike Trout,LAA,CF,30,R,37216667
2,Anthony Rendon,LAA,3B,32,R,36571428
3,Carlos Correa,MIN,SS,27,R,35100000
4,Nolan Arenado,STL,3B,31,R,35075000
5,Francisco Lindor,NYM,SS,28,,34100000
6,Corey Seager,TEX,SS,28,L,33000000
7,Manny Machado,SD,3B,29,R,32000000
8,Miguel Cabrera,DET,DH,39,R,32000000
9,George Springer,TOR,CF,32,R,29666666
10,Jose Altuve,HOU,2B,32,R,29000000
11,Giancarlo Stanton,NYY,RF,32,R,29000000
12,Bryce Harper,PHI,DH,29,L,27638462
13,Freddie Freeman,LAD,1B,32,L,27000000
14,Paul Goldschmidt,STL,1B,34,R,26300000
15,Christian Yelich,MIL,LF,30,L,26000000
16,Joey Votto,CIN,1B,38,L,25000000
17,Marcus Semien,TEX,2B,31,R,25000000
18,Jason Heyward,CHC,RF,32,L,24500000
19,J.T. Realmuto,PHI,C,31,R,23875000
20,Josh Donaldson,NYY,DH,36,R,23000000
21,Mookie Betts,LAD,RF,29,R,22500000
22,Wil Myers,SD,RF,31,R,22500000
23,Jose Ramirez,CLE,3B,29,,22000000
24,Charlie Blackmon,COL,DH,36,L,21333333
25,Trea Turner,LAD,SS,29,R,21000000
26,Justin Turner,LAD,3B,37,R,20000000
27,Nick Castellanos,PHI,RF,30,R,20000000
28,Javier Baez,DET,SS,29,R,20000000
29,Xander Bogaerts,BOS,SS,29,R,20000000
30,Trevor Story,BOS,2B,29,R,20000000
31,Jose Abreu,CHW,1B,35,R,19666668
32,Evan Longoria,SF,3B,36,R,19500000
33,J.D. Martinez,BOS,DH,34,R,19350000
34,Aaron Judge,NYY,CF,30,R,19000000
35,Kyle Schwarber,PHI,LF,29,L,19000000
36,Brandon Belt,SF,1B,34,L,18400000
37,Yasmani Grandal,CHW,C,33,,18250000
38,Salvador Perez,KC,C,32,R,18000000
39,Kris Bryant,COL,LF,30,R,18000000
40,Juan Soto,SD,RF,23,L,17100000
41,Cody Bellinger,LAD,CF,26,L,17000000
42,Brandon Crawford,SF,SS,35,L,16000000
43,Michael Brantley,HOU,LF,35,L,16000000
44,Anthony Rizzo,NYY,1B,32,L,16000000
45,Marcell Ozuna,ATL,DH,31,R,16000000
46,Mike Moustakas,CIN,DH,33,L,16000000
47,Starling Marte,NYM,RF,33,R,15750000
48,Chris Taylor,LAD,LF,31,R,15000000
49,D.J. LeMahieu,NYY,3B,33,R,15000000
50,Ronald Acuna Jr.,ATL,RF,24,R,15000000
51,Matt Olson,ATL,1B,28,L,15000000
52,Jean Segura,PHI,2B,32,R,14850000
53,A.J. Pollock,CHW,LF,34,R,14500000
54,Yoan Moncada,CHW,3B,27,,13800000
55,Alex Bregman,HOU,3B,28,R,13000000
56,Max Muncy,LAD,DH,31,L,13000000
57,Mark Canha,NYM,LF,33,R,12666666
58,Matt Chapman,TOR,3B,29,R,12500000
59,Kevin Kiermaier,TB,CF,32,L,12166668
60,Nelson Cruz,WSH,DH,41,R,12000000
61,Avisail Garcia,MIA,RF,31,R,12000000
62,Jorge Soler,MIA,LF,30,R,12000000
63,Eugenio Suarez,SEA,3B,30,R,11285714
64,Rafael Devers,BOS,3B,25,L,11200000
65,Carlos Santana,SEA,1B,36,,11175000
66,Aaron Hicks,NYY,CF,32,,10785714
67,Teoscar Hernandez,TOR,DH,29,R,10650000
68,Randal Grichuk,COL,RF,30,R,10333333
69,Joey Gallo,LAD,LF,28,L,10275000
70,Eduardo Escobar,NYM,3B,33,,10000000
71,Josh Bell,SD,1B,29,,10000000
72,Dansby Swanson,ATL,SS,28,R,10000000
73,Ke'Bryan Hayes,PIT,3B,25,R,10000000
74,Yadier Molina,STL,C,39,R,10000000
75,Willson Contreras,CHC,C,30,R,9625000
76,Tim Anderson,CHW,SS,29,R,9500000
77,Adam Duvall,ATL,LF,33,R,9275000
78,Miguel Sano,MIN,1B,29,R,9250000
79,Byron Buxton,MIN,CF,28,R,9142857
80,Gary Sanchez,MIN,C,29,R,9000000
81,Eddie Rosario,ATL,LF,30,L,9000000
82,Kolten Wong,MIL,2B,31,L,8500000
83,Andrew McCutchen,MIL,DH,35,R,8500000
84,Andrew Benintendi,NYY,LF,27,L,8500000
85,Ketel Marte,ARI,2B,28,,8400000
86,Jackson Holliday,BAL,SS,18,,8190000
87,Druw Jones,ARI,CF,18,,8189400
88,David Peralta,TB,LF,34,L,8150000
89,James McCann,NYM,C,32,R,8150000
90,Nick Ahmed,ARI,SS,32,R,8125000
91,Enrique Hernandez,BOS,CF,30,R,8000000
92,Yulieski Gurriel,HOU,1B,38,R,8000000
93,Travis d'Arnaud,ATL,C,33,R,8000000
94,Seiya Suzuki,CHC,RF,27,,8000000
95,Adam Frazier,SEA,2B,30,L,8000000
96,Vladimir Guerrero Jr.,TOR,1B,23,R,7900000
97,Mitch Haniger,SEA,RF,31,R,7750000
98,Tucker Barnhart,DET,C,31,L,7750000
99,Rhys Hoskins,PHI,1B,29,R,7700000
100,Hunter Renfroe,MIL,RF,30,R,7650000
101,Trey Mancini,HOU,1B,30,R,7500000
102,Jonathan Schoop,DET,2B,30,R,7500000
103,Pete Alonso,NYM,1B,27,R,7400000
104,Jurickson Profar,SD,LF,29,,7333333
105,Eloy Jimenez,CHW,LF,25,R,7333333
106,C.J. Cron,COL,1B,32,R,7250000
107,Temarr Johnson,PIT,2B,18,,7219000
108,Mike Zunino,TB,C,31,R,7000000
109,Christian Vazquez,HOU,C,31,R,7000000
110,Brandon Nimmo,NYM,CF,29,L,7000000
111,Ha-seong Kim,SD,SS,26,R,7000000
112,Whit Merrifield,TOR,2B,33,R,7000000
113,Ian Happ,CHC,LF,27,,6850000
114,Max Kepler,MIN,RF,29,L,6750000
115,Bryan Reynolds,PIT,CF,27,,6750000
116,Giovanny Urshela,MIN,3B,30,R,6550000
117,Elijah Green,WSH,CF,18,,6500000
118,Gleyber Torres,NYY,2B,25,R,6250000
119,Jesse Winker,SEA,LF,28,L,6250000
120,Paul DeJong,STL,SS,28,R,6166666
121,Tommy Pham,BOS,LF,34,R,6000000
122,Joc Pederson,SF,LF,30,L,6000000
123,Luis Robert,CHW,CF,24,R,6000000
124,Jacob Berry,MIA,1B,21,,6000000
125,Yan Gomes,CHC,C,34,R,6000000
126,J.P. Crawford,SEA,SS,27,L,6000000
127,Brad Miller,TEX,LF,32,L,6000000
128,Jeimer Candelario,DET,3B,28,,5800000
129,Fernando Tatis Jr.,SD,SS,23,R,5714286
130,Brooks Lee,MIN,SS,21,,5675000
131,Manuel Margot,TB,RF,27,R,5600000
132,Jorge Polanco,MIN,2B,28,,5500000
133,Leury Garcia,CHW,2B,31,,5500000
134,Miguel Rojas,MIA,SS,33,R,5500000
135,Shohei Ohtani,LAA,SP/DH,27,,5500000
136,Luke Voit,WSH,DH,31,R,5450000
137,Tommy La Stella,SF,DH,33,L,5250000
138,Gavin Cross,KC,RF,21,,5202900
139,Kole Calhoun,TEX,LF,34,L,5200000
140,Kevin Parada,NYM,C,20,,5019735
141,Omar Narvaez,MIL,C,30,L,5000000
142,Martin Maldonado,HOU,C,35,R,5000000
143,Ozzie Albies,ATL,2B,25,,5000000
144,Roberto Perez,PIT,C,33,R,5000000
145,Robbie Grossman,ATL,LF,32,,5000000
146,Jose Iglesias,COL,SS,32,R,5000000
147,Ryan McMahon,COL,3B,27,L,5000000
148,Corey Dickerson,STL,LF,33,L,5000000
149,Cam Collier,CIN,3B,17,,5000000
150,Amed Rosario,CLE,SS,26,R,4950000
151,Lourdes Gurriel Jr.,TOR,LF,28,R,4928571
152,Christian Vaquero,WSH,OF,17,,4900000
153,Jason Castro,HOU,C,35,L,4750000
154,Hunter Dozier,KC,1B,30,R,4750000
155,Harrison Bader,NYY,CF,28,R,4700000
156,Isiah Kiner-Falefa,NYY,SS,27,R,4700000
157,Michael Taylor,KC,CF,31,R,4650000
158,Willy Adames,MIL,SS,26,R,4600000
159,Jace Jung,DET,2B,21,,4590300
160,Joe Wendle,MIA,3B,32,L,4550000
161,Franmil Reyes,CHC,DH,26,R,4550000
162,Cesar Hernandez,WSH,2B,32,,4500000
163,Donovan Solano,CIN,2B,34,R,4500000
164,Brian Anderson,MIA,3B,29,R,4475000
165,Aledmys Diaz,HOU,SS,31,R,4450000
166,Tyler Naquin,NYM,DH,31,L,4025000
167,Austin Hedges,CLE,C,29,R,4000000
168,Brandon Lowe,TB,2B,27,L,4000000
169,Roderick Arias,NYY,SS,17,,4000000
170,Josh Harrison,CHW,2B,34,R,4000000
171,David Fletcher,LAA,SS,28,R,4000000
172,Austin Meadows,DET,LF,27,L,4000000
173,Austin Riley,ATL,3B,25,R,3950000
174,Raimel Tapia,TOR,RF,28,L,3950000
175,Jett Williams,NYM,CF,18,,3900000
176,Justin Crawford,PHI,CF,18,,3894800
177,Chase DeLauter,CLE,RF,20,,3750000
178,Mike Yastrzemski,SF,CF,31,L,3700000
179,Luke Jackson,ATL,RP,30,,3600000
180,Alex Verdugo,BOS,LF,26,L,3550000
181,Daniel Susac,OAK,C,21,,3531200
182,Wilmer Flores,SF,DH,30,R,3500000
183,Zach Neto,LAA,2B,21,,3500000
184,Tyler O'Neill,STL,LF,27,R,3400000
185,Mitch Garver,TEX,C,31,R,3335000
186,Carson Kelly,ARI,C,27,R,3325000
187,Cole Young,SEA,SS,18,,3300000
188,Ji-Man Choi,TB,1B,31,,3200000
189,Kyle Farmer,CIN,SS,31,R,3155000
190,Anthony Santander,BAL,RF,27,,3150000
191,Jeff McNeil,NYM,2B,30,L,3000000
192,Darin Ruf,NYM,DH,35,R,3000000
193,Adalberto Mondesi,KC,SS,26,,3000000
194,Elias Diaz,COL,C,31,R,3000000
195,Max Stassi,LAA,C,31,R,3000000
196,Spencer Jones,NYY,RF,21,,2880800
197,Yandy Diaz,TB,3B,30,R,2800000
198,Dyan Jorge,COL,SS,19,,2800000
199,J.D. Davis,SF,3B,29,R,2760000
200,Austin Barnes,LAD,C,32,R,2750000
201,Chad Pinder,OAK,LF,30,R,2725000
202,Jorge Alfaro,SD,C,29,R,2725000
203,Oscar Colas,CHW,OF,23,,2700000
204,Julio Rodriguez,SEA,CF,21,R,2612500
205,Curt Casali,SEA,C,33,R,2600000
206,Albert Pujols,STL,DH,42,R,2600000
207,Christian Walker,ARI,1B,31,R,2600000
208,Luis Urias,MIL,2B,25,R,2550000
209,Nicky Lopez,KC,3B,27,L,2550000
210,Xavier Isaac,TB,1B,18,,2548900
211,David Bote,CHC,2B,29,R,2510000
212,Lazaro Montes,SEA,OF,0,,2500000
213,Roman Anthony,BOS,OF,18,,2500000
214,Drew Gilbert,HOU,CF,21,,2500000
215,Kevin Pillar,LAD,CF,33,R,2500000
216,Diego Benitez,ATL,SS,17,,2500000
217,Garrett Cooper,MIA,DH,31,R,2500000
218,Ramon Laureano,OAK,RF,27,R,2450000
219,Jacob Stallings,MIA,C,32,R,2450000
220,Sterlin Thompson,COL,RF,21,,2430500
221,Mikey Romero,BOS,SS,18,,2300000
222,Tony Kemp,OAK,2B,30,L,2250000
223,Luis Meza,TOR,C,0,,2250000
224,Ryan Reckley,SF,SS,0,,2200000
225,Dylan Beavers,BAL,RF,20,,2200000
226,Jordan Beck,COL,OF,21,,2200000
227,Javier Osorio,DET,SS,0,,2200000
228,Luis Arraez,MIN,2B,25,L,2125000
229,Cavan Biggio,TOR,2B,27,L,2122500
230,Sal Stewart,CIN,3B,18,,2097500
231,Eric Brown Jr.,MIL,2B,21,,2050000
232,William Bergolla Jr.,PHI,SS,0,,2050000
233,Anthony Gutierrez,TEX,OF,0,,2000000
234,Henry Bolte,OAK,OF,18,,2000000
235,Victor Caratini,MIL,C,28,,2000000
236,Matt Carpenter,NYY,3B,36,L,2000000
237,Adam Engel,CHW,RF,30,R,2000000
238,Tucker Toman,TOR,2B,18,,2000000
239,Dalton Rushing,LAD,C,21,,1959390
240,Kevin Newman,PIT,SS,28,R,1950000
241,Danny Jansen,TOR,C,27,R,1950000
242,Rowdy Tellez,MIL,1B,27,L,1940000
243,Max Wagner,BAL,3B,20,,1900000
244,Simon Juan,NYM,OF,0,,1900000
245,Garrett Hampson,COL,SS,27,R,1862500
246,Cutter Coffey,BOS,3B,18,,1850000
247,Austin Slater,SF,CF,29,R,1850000
248,Jace Peterson,MIL,3B,32,L,1825000
249,Peyton Graham,DET,3B,21,,1800000
250,Ben Gamel,PIT,LF,30,L,1800000
251,Nelson Rada,LAA,OF,0,,1800000
252,Charlie Culberson,TEX,3B,33,R,1750000
253,Kurt Suzuki,LAA,C,38,R,1750000
254,Yasser Mercedes,MIN,OF,0,,1700000
255,Braylin Tavera,BAL,OF,0,,1700000
256,Cayden Wallace,KC,3B,20,,1700000
257,Victor Robles,WSH,CF,25,R,1650000
258,Myles Straw,CLE,CF,27,R,1650000
259,Orlando Arcia,ATL,2B,27,R,1600000
260,Tom Murphy,SEA,C,31,R,1575000
261,Willy Fana,NYM,OF,0,,1500000
262,Ehire Adrianza,ATL,SS,32,,1500000
263,Adan Sanchez,CHC,C,0,,1500000
264,Matt Duffy,LAA,3B,31,R,1500000
265,Francisco Mejia,TB,C,26,,1455000
266,Wander Franco,TB,SS,21,,1454545
267,Victor Reyes,DET,RF,27,,1400000
268,Brett Phillips,BAL,CF,28,L,1400000
269,Ivan Melendez,ARI,1B,22,,1400000
270,Jordan Luplow,ARI,OF,28,R,1400000
271,Johan Barrios,MIL,SS,0,,1385000
272,Dylan Moore,SEA,2B,29,R,1350000
273,Hanser Alberto,LAD,2B,29,R,1350000
274,Carter Young,BAL,SS,21,,1325000
275,Michael Arroyo,SEA,SS,0,,1300000
276,Martin Gonzalez,SEA,SS,0,,1300000
277,Luis Baez,HOU,OF,0,,1300000
278,Yendry Rojas,SD,SS,0,,1300000
279,Ryan O'Hearn,KC,1B,28,L,1300000
280,Miguel Andujar,PIT,3B,27,R,1300000
281,Douglas Glod,ATL,OF,17,,1300000
282,Bradley Zimmer,TOR,CF,29,L,1300000
283,Alexis Hernandez,CHC,SS,0,,1300000
284,Tyler Locklear,SEA,1B,21,,1276500
285,Harold Castro,DET,3B,28,L,1275000
286,Ryan Clifford,HOU,LF,18,,1256530
287,Nick Senzel,CIN,CF,27,R,1250000
288,Jhonny Severino,MIL,SS,0,,1230000
289,Samuel Gil,DET,SS,0,,1200000
290,Jose DeJesus,TEX,OF,0,,1200000
291,Luis Torrens,SEA,C,26,R,1200000
292,Carlos Pacheco,OAK,OF,0,,1200000
293,Freili Encarnacion,BOS,SS,0,,1200000
294,Christian Arroyo,BOS,2B,27,R,1200000
295,Jaison Chourio,CLE,OF,0,,1200000
296,Victor Izturis,CLE,C,0,,1200000
297,Josh Naylor,CLE,1B,25,L,1200000
298,Yordany De Los Santos,PIT,SS,0,,1200000
299,Jon Berti,MIA,3B,32,R,1200000
300,Randy de Jesus,LAA,OF,0,,1200000
301,Marwin Gonzalez,NYY,3B,33,,1150000
302,Fraymi De Leon,BOS,SS,0,,1100000
303,Luis Lara,MIL,OF,0,,1100000
304,Juan Perez,SF,C,0,,1100000
305,Abdias de la Cruz,ARI,SS,17,,1100000
306,Brock Jones,TB,RF,21,,1077600
307,Logan Tanner,CIN,C,21,,1030500
308,Jud Fabian,BAL,CF,21,,1026800
309,Tanner Schobel,MIN,SS,21,,1002000
310,Brenner Cox,WSH,OF,18,,1000000
311,Sandy Leon,MIN,C,33,,1000000
312,Jacob Melton,HOU,CF,21,,1000000
313,Nick Morabito,NYM,2B,19,,1000000
314,Guillermo Heredia,ATL,CF,31,R,1000000
315,Erick Hernandez,CHW,OF,0,,1000000
316,Josh Kasevich,TOR,3B,21,,1000000
317,Jefferson Rojas,CHC,SS,0,,1000000
318,Stephen Vogt,OAK,C,37,L,950000
319,Kyle Higashioka,NYY,C,32,R,935000
320,Clark Elliott,OAK,RF,21,,900000
321,Luke Maile,CLE,C,31,R,900000
322,Robinson Chirinos,BAL,C,38,R,900000
323,Maykol Muñoz,SD,3B,0,,900000
324,Brandon Drury,SD,3B,29,R,900000
325,Tony Blanco Jr.,PIT,OF,0,,900000
326,Yerald Nin,ARI,SS,16,,900000
327,Christopher Paciolla,CHC,SS,18,,900000
328,Tomas Nido,NYM,C,28,R,890000
329,Luis Guillorme,NYM,2B,27,L,875000
330,Justin Boyd,CIN,OF,21,,850000
331,Cade Doughty,TOR,2B,21,,833600
332,Franchy Cordero,BOS,1B,27,L,825000
333,Bo Bichette,TOR,SS,24,R,825000
334,Josue Briceño,DET,C,0,,800000
335,Heison Sanchez,DET,SS,0,,800000
336,Cesar Gonzalez,OAK,C,0,,800000
337,Billy McKinney,OAK,DH,27,L,800000
338,Rob Refsnyder,BOS,RF,31,R,800000
339,Robert Moore,MIL,2B,20,,800000
340,Joe Lampe,CLE,CF,21,,800000
341,Rafael Ramirez,CLE,SS,0,,800000
342,Juan Olmos,KC,C,0,,800000
343,Henry Ramos,KC,OF,0,,800000
344,Dan Vogelbach,NYM,DH,29,L,800000
345,Anthony Bemboom,BAL,C,32,L,780000
346,Jacob Reimer,NYM,3B,18,,775000
347,Jack Brannigan,PIT,3B,21,,770700
348,Yordan Alvarez,HOU,DH,25,L,764600
349,Kyle Tucker,HOU,RF,25,L,764200
350,Jonathan India,CIN,2B,25,R,760000
351,Trey Lipscomb,WSH,3B,22,,758900
352,Jake Cronenworth,SD,2B,28,L,757200
353,Colby Thomas,OAK,RF,21,,750000
354,Ryan Cermak,TB,RF,21,,750000
355,Chandler Simpson,TB,2B,21,,750000
356,Yoffry Solano,MIA,SS,0,,750000
357,Ruben Santana,ARI,SS,17,,750000
358,Rafael Ortega,CHC,DH,31,L,738500
359,Ty France,SEA,1B,27,R,734500
360,Josh Rojas,ARI,3B,28,L,730900
361,Abraham Toro,SEA,3B,25,,730300
362,Patrick Wisdom,CHC,3B,30,R,730000
363,LaMonte Wade Jr.,SF,LF,28,L,730000
364,Will Smith,LAD,C,27,R,730000
365,Jared Walsh,LAA,1B,28,L,730000
366,Trent Grisham,SD,CF,25,L,729300
367,Zack Collins,PIT,DH,27,L,728400
368,Harold Ramirez,TB,RF,27,R,728000
369,Austin Nola,SD,C,32,R,726900
370,Sean Murphy,OAK,C,27,R,725000
371,Lane Thomas,WSH,CF,26,R,723600
372,Santiago Espinal,TOR,2B,27,R,723550
373,Tommy Edman,STL,SS,27,,722900
374,Pavin Smith,ARI,RF,26,L,722900
375,Reese McGuire,BOS,C,27,L,722400
376,Daulton Varsho,ARI,CF,25,L,721700
377,Taylor Ward,LAA,RF,28,R,720000
378,Aristides Aquino,CIN,RF,28,R,720000
379,Tyler Stephenson,CIN,C,25,R,720000
380,Nico Hoerner,CHC,SS,25,R,720000
381,Nick Solak,TEX,LF,27,R,720000
382,Gavin Lux,LAD,2B,24,L,720000
383,Jose Trevino,NYY,C,29,R,720000
384,Jo Adell,LAA,RF,23,R,720000
385,Andrew Knizner,STL,C,27,R,718300
386,Jazz Chisholm,MIA,2B,24,L,718000
387,Randy Arozarena,TB,LF,27,R,716600
388,Nick Madrigal,CHC,2B,25,R,716500
389,Cedric Mullins,BAL,CF,27,,716500
390,Nate Lowe,TEX,1B,26,L,716000
391,Edmundo Sosa,PHI,SS,26,R,715600
392,Alec Bohm,PHI,3B,25,R,715000
393,Thairo Estrada,SF,2B,26,R,715000
394,Mauricio Dubon,HOU,CF,27,R,715000
395,Andrew Vaughn,CHW,DH,24,R,715000
396,Adolis Garcia,TEX,RF,29,R,714000
397,Jonah Heim,TEX,C,27,,714000
398,Eli White,TEX,OF,28,R,714000
399,Bobby Dalbec,BOS,1B,27,R,714000
400,Yadiel Hernandez,WSH,LF,34,L,714000
401,Danny Mendick,CHW,2B,28,R,714000
402,Alejandro Kirk,TOR,C,23,R,714000
403,Carter Kieboom,WSH,3B,24,R,713400
404,Ryan Jeffers,MIN,C,25,R,713050
405,Austin Hays,BAL,LF,26,R,713000
406,Brooks Brannon,BOS,C,18,,712500
407,Sergio Alcantara,ARI,3B,25,,712500
408,Tyrone Taylor,MIL,CF,28,R,711100
409,Ryan Mountcastle,BAL,1B,25,R,711000
410,Jake Meyers,HOU,OF,26,R,710500
411,Eric Haase,DET,C,29,R,710400
412,Jake Fraley,CIN,LF,27,L,710000
413,Brandon Marsh,PHI,LF,24,L,710000
414,Cristian Pache,OAK,CF,23,R,710000
415,Brendan Rodgers,COL,2B,25,R,710000
416,William Contreras,ATL,C,24,R,710000
417,Jorge Mateo,BAL,SS,27,R,709500
418,Akil Baddoo,DET,CF,23,L,709400
419,Jesus Sanchez,MIA,CF,24,,709000
420,Alex Kirilloff,MIN,OF,24,L,708250
421,Joey Bart,SF,C,25,R,707500
422,Nick Gordon,MIN,SS,26,L,706800
423,Riley Adams,WSH,C,26,R,706700
424,Andres Gimenez,CLE,2B,23,L,706600
425,Jake Rogers,DET,C,27,R,706300
426,Michael Brosseau,MIL,3B,28,R,706300
427,Jarred Kelenic,SEA,LF,22,L,706200
428,Bryan De La Cruz,MIA,CF,25,R,706000
429,Gavin Sheets,CHW,DH,26,L,706000
430,Ramon Urias,BAL,3B,28,R,705500
431,Edward Olivares,KC,OF,26,R,705500
432,Yu-Cheng Chang,BOS,SS,26,R,705400
433,Lars Nootbaar,STL,OF,24,L,705200
434,Keston Hiura,MIL,2B,25,R,705100
435,Seth Brown,OAK,LF,29,L,705000
436,Yonathan Daza,COL,CF,28,R,705000
437,Garrett Stubbs,PHI,C,29,L,704500
438,Matt Vierling,PHI,OF,25,R,704000
439,Jose Siri,TB,CF,26,R,704000
440,Taylor Walls,TB,SS,25,,704000
441,Ryan McKenna,BAL,CF,25,R,704000
442,Chas McCormick,HOU,CF,27,R,703800
443,Dylan Carlson,STL,RF,23,,703000
444,Cal Raleigh,SEA,C,25,,702900
445,Gilberto Celestino,MIN,LF,23,R,702850
446,Jose Barrero,CIN,SS,24,R,702500
447,Jake McCarthy,ARI,OF,24,L,702400
448,Connor Joe,COL,LF,29,R,702000
449,Alan Trejo,COL,SS,26,R,702000
450,Kyle Isbel,KC,RF,25,L,701900
451,Joshua Palacios,WSH,CF,26,R,701700
452,Alfonso Rivas,CHC,1B,25,L,701500
453,Geraldo Perdomo,ARI,SS,22,,701300
454,Keibert Ruiz,WSH,C,23,,701300
455,Owen Miller,CLE,1B,25,R,701100
456,Mickey Moniak,LAA,CF,24,L,701000
457,Ernie Clement,OAK,2B,26,R,700800
458,Otto Lopez,TOR,SS,23,R,700200
459,Tyler Heineman,PIT,C,31,,700000
460,Tucupita Marcano,PIT,SS,22,L,700000
461,Cal Mitchell,PIT,OF,23,,700000
462,Corbin Carroll,ARI,CF,21,R,700000
463,Juan Yepez,STL,DH,24,R,700000
464,Stone Garrett,ARI,OF,26,R,700000
465,Canaan Smith-Njigba,PIT,LF,23,L,700000
466,Jake Hager,ARI,OF,29,R,700000
467,Logan O'Hoppe,LAA,C,22,,700000
468,Jack Suwinski,PIT,LF,23,L,700000
469,Luis Rengifo,LAA,2B,25,,700000
470,Stuart Fairchild,CIN,OF,26,R,700000
471,T.J. Friedl,CIN,CF,26,L,700000
472,Kerry Carpenter,DET,LF,24,,700000
473,Livan Soto,LAA,SS,22,,700000
474,Cooper Hummel,ARI,DH,27,,700000
475,Michael Stefanic,LAA,2B,26,,700000
476,Willi Castro,DET,SS,25,,700000
477,Matt Thaiss,LAA,1B,27,L,700000
478,Kody Clemens,DET,2B,26,L,700000
479,Brendon Davis,DET,SS,24,R,700000
480,Buddy Kennedy,ARI,3B,23,R,700000
481,Alejo Lopez,CIN,2B,26,,700000
482,P.J. Higgins,CHC,C,29,R,700000
483,Andrew Velazquez,LAA,SS,27,,700000
484,Matt Reynolds,CIN,3B,31,R,700000
485,Riley Greene,DET,CF,21,L,700000
486,Chuckie Robinson,CIN,C,27,,700000
487,Emmanuel Rivera,ARI,3B,26,R,700000
488,Austin Romine,CIN,C,33,R,700000
489,Ryan Kreidler,DET,SS,24,,700000
490,Kristian Robinson,ARI,OF,21,R,700000
491,Mike Siani,CIN,OF,22,,700000
492,Spencer Steer,CIN,SS,24,,700000
493,Dalton Guthrie,PHI,SS,26,,700000
494,Zach McKinstry,CHC,SS,27,L,700000
495,Christopher Morel,CHC,CF,23,R,700000
496,Darick Hall,PHI,1B,26,,700000
497,Spencer Torkelson,DET,1B,22,R,700000
498,Esteban Quiroz,CHC,2B,30,,700000
499,Mark Vientos,NYM,3B,22,R,700000
500,Nick Maton,PHI,SS,25,L,700000
501,Nelson Velazquez,CHC,OF,23,R,700000
502,Simon Muzziotti,PHI,OF,23,L,700000
503,Sam Huff,TEX,C,24,R,700000
504,Josh Jung,TEX,3B,24,R,700000
505,Mark Mathias,TEX,2B,27,R,700000
506,Bryson Stott,PHI,2B,24,,700000
507,Sam Haggerty,SEA,2B,28,,700000
508,Kevin Plawecki,TEX,C,31,R,700000
509,Nick Allen,OAK,SS,23,R,700000
510,Josh H. Smith,TEX,3B,24,,700000
511,Taylor Trammell,SEA,RF,24,L,700000
512,Leodys Taveras,TEX,CF,23,,700000
513,Triston Casas,BOS,3B,22,,700000
514,Jonah Bride,OAK,3B,26,R,700000
515,Bubba Thompson,TEX,OF,24,,700000
516,Conner Capel,OAK,RF,25,,700000
517,Jordan Diaz,OAK,3B,21,R,700000
518,Dermis Garcia,OAK,3B,24,,700000
519,Gabriel Arias,CLE,SS,22,R,700000
520,Will Benson,CLE,OF,24,,700000
521,Kenny Gomez,HOU,OF,0,,700000
522,Will Brennan,CLE,CF,24,,700000
523,David Hensley,HOU,SS,26,,700000
524,Dennys Riera,SF,SS,0,,700000
525,Oscar Gonzalez,CLE,RF,24,,700000
526,Shea Langeliers,OAK,C,24,R,700000
527,Steven Kwan,CLE,LF,24,L,700000
528,Jeremy Pena,HOU,SS,24,R,700000
529,Connor Wong,BOS,C,26,R,700000
530,Bo Naylor,CLE,C,22,L,700000
531,Trayce Thompson,LAD,CF,31,R,700000
532,Vimael Machin,OAK,2B,28,L,700000
533,Miguel Vargas,LAD,3B,22,,700000
534,Luis Gonzalez,SF,RF,26,L,700000
535,Bryce Johnson,SF,CF,26,,700000
536,Nate Mondou,OAK,2B,27,,700000
537,CJ Abrams,WSH,SS,21,L,700000
538,Tres Barrera,WSH,C,27,R,700000
539,Yilber Herrera,MIN,SS,0,,700000
540,Alex Call,WSH,OF,27,,700000
541,Alex Jackson,MIL,C,26,R,700000
542,Mark Contreras,MIN,OF,27,,700000
543,Ford Proctor,SF,SS,25,L,700000
544,Kyle Garlick,MIN,RF,30,R,700000
545,Heliot Ramos,SF,OF,22,R,700000
546,Luis Garcia,WSH,SS,22,L,700000
547,Garrett Mitchell,MIL,OF,23,,700000
548,Jesus Aguilar,BAL,1B,32,R,700000
549,Billy Hamilton,MIN,CF,31,,700000
550,Jonathan Aranda,TB,1B,24,L,700000
551,Christian Bethancourt,TB,C,30,R,700000
552,David Villar,SF,3B,25,,700000
553,Vidal Brujan,TB,2B,24,,700000
554,Jason Vosler,SF,3B,28,L,700000
555,Joey Meneses,WSH,1B,30,,700000
556,Donnie Walton,SF,SS,28,L,700000
557,Israel Pineda,WSH,C,22,,700000
558,Colton Welker,SF,3B,24,R,700000
559,Trevor Larnach,MIN,DH,25,L,700000
560,Austin Wynns,SF,C,31,R,700000
561,Gunnar Henderson,BAL,SS,21,,700000
562,Royce Lewis,MIN,SS,23,R,700000
563,Ildemaro Vargas,WSH,2B,30,,700000
564,Isaac Paredes,TB,3B,23,R,700000
565,Jose Miranda,MIN,SS,24,R,700000
566,Rosman Verdugo,SD,SS,0,,700000
567,Rene Pinto,TB,C,25,R,700000
568,Tyler Nevin,BAL,3B,25,R,700000
569,Jose Azocar,SD,OF,26,,700000
570,Rougned Odor,BAL,2B,28,L,700000
571,Nathan Eaton,KC,C,25,,700000
572,Roman Quinn,TB,CF,29,,700000
573,Adley Rutschman,BAL,C,24,R,700000
574,Luis Campusano,SD,C,23,R,700000
575,Michael Massey,KC,2B,24,,700000
576,MJ Melendez,KC,DH,23,L,700000
577,Kyle Stowers,BAL,CF,24,,700000
578,Brandon Dixon,SD,1B,30,R,700000
579,Vinnie Pasquantino,KC,1B,24,,700000
580,J.J. Bleday,MIA,OF,24,L,700000
581,Terrin Vavra,BAL,SS,25,L,700000
582,Sebastian Rivero,KC,C,23,R,700000
583,Peyton Burdick,MIA,CF,25,,700000
584,Drew Waters,KC,OF,23,,700000
585,Elvis Andrus,CHW,SS,33,R,700000
586,Bobby Witt Jr.,KC,SS,22,R,700000
587,Lewin Diaz,MIA,1B,25,L,700000
588,Romy Gonzalez,CHW,2B,25,R,700000
589,Nick Fortes,MIA,C,25,R,700000
590,Matt Wallner,MIN,RF,24,,700000
591,Sean Bouchard,COL,1B,26,,700000
592,Jordan Groshans,MIA,SS,22,R,700000
593,Oswaldo Cabrera,NYY,2B,23,,700000
594,Mark Payton,CHW,LF,30,L,700000
595,Carlos Perez,CHW,C,25,,700000
596,Charles Leblanc,MIA,SS,26,,700000
597,Elehuris Montero,COL,3B,23,R,700000
598,Seby Zavala,CHW,C,28,R,700000
599,Brian Serven,COL,C,27,,700000
600,Vaughn Grissom,ATL,SS,21,,700000
601,Michael Toglia,COL,1B,23,,700000
602,Michael Harris,ATL,CF,21,,700000
603,Ezequiel Tovar,COL,SS,20,R,700000
604,Dangelo Sarmiento,NYM,SS,0,,700000
605,Francisco Alvarez,NYM,C,20,,700000
606,Oswald Peraza,NYY,SS,22,R,700000
607,Chadwick Tromp,ATL,C,27,R,700000
608,Brett Baty,NYM,3B,22,,700000
609,Ji-Hwan Bae,PIT,SS,22,L,700000
610,Jackie Bradley Jr.,TOR,CF,32,L,700000
611,Vinny Capra,TOR,SS,25,,700000
612,Diego Castillo,PIT,2B,28,R,700000
613,Rodolfo Castro,PIT,SS,23,,700000
614,Alec Burleson,STL,OF,23,,700000
615,Oneil Cruz,PIT,SS,23,L,700000
616,Ben DeLuzio,STL,CF,27,R,700000
617,Brendan Donovan,STL,LF,25,L,700000
618,Gabriel Moreno,TOR,C,22,R,700000
619,Jason Delay,PIT,C,27,,700000
620,Terrance Gore,NYM,CF,31,R,700000
621,Johanfran Garcia,BOS,C,0,,650000
622,Cesar Prieto,BAL,2B,0,,650000
623,Bryan Acuña,MIN,SS,0,,650000
624,Emaarion Boyd,PHI,OF,18,,647500
625,Drake Baldwin,ATL,C,21,,633300
626,Gabriel Rincones Jr.,PHI,RF,21,,627500
627,Andy Encarnacion,ARI,C,17,,605000
628,Logan Wagner,LAD,SS,18,,600000
629,Jancel Santana,BOS,SS,0,,600000
630,Kevin Dume,OAK,3B,0,,600000
631,Leandro Arias,BAL,SS,0,,600000
632,Dylan O'Rae,MIL,SS,18,,597500
633,Alex Freeland,LAD,SS,20,,580200
634,Silas Ardoin,BAL,C,21,,571400
635,Ryan Ritter,COL,SS,21,,530000
636,Jansel Luis,ARI,SS,0,,525000
637,Bryan Andrade,OAK,SS,0,,525000
638,Lamar King Jr.,SD,C,18,,502800
639,Luis Rodriguez,LAA,SS,0,,500000
640,Josefrailyn Alcantata,CHC,OF,0,,500000
641,Samuel Capellán,HOU,SS,0,,500000
642,Erick Torres,KC,OF,0,,500000
643,Oliver Cedeño,SD,SS,0,,500000
644,Kevin Hidalgo,COL,SS,0,,500000
645,Ignacio Alvarez,ATL,3B,19,,497500
646,Alan Roden,TOR,1B,22,,497500
647,David McCabe,ATL,1B,22,,476400
648,Jimmy Crooks III,STL,C,20,,470300
649,Anthony Hall,NYY,RF,21,,456500
650,Jordan Sprinkle,CHW,2B,21,,452900
651,Eduardo Oviedo,PIT,OF,0,,450000
652,Aaron Escobar,PHI,SS,0,,450000
653,Romel Mendez,PHI,OF,0,,450000
654,Tommy Specht,TEX,OF,18,,450000
655,Gery Holguin,MIL,SS,0,,450000
656,Austin Charles,KC,3B,18,,429500
657,Demetrio Crisantes,ARI,SS,17,,425000
658,Yorfran John,CLE,SS,0,,425000
659,Chandler Pollard,TEX,3B,18,,418500
660,Jared McKenzie,WSH,CF,21,,410500
661,Kristin Munroe,LAA,3B,17,,400000
662,Leny Carela,PHI,SS,0,,400000
663,Neifi Rosario,PHI,OF,0,,400000
664,Natanael Yuten,BOS,OF,0,,400000
665,Fabricio Valera,MIL,OF,0,,400000
666,Alexander Martinez,ATL,C,0,,400000
667,Daniel Bruzual,TEX,SS,0,,397500
668,Kyle Nevin,LAD,OF,20,,397500
669,Alessandro Duran,SF,C,0,,397500
670,Dominic Keegan,TB,1B,21,,397500
671,Mahki Backstrom,ATL,1B,20,,397500
672,Luke Gold,DET,2B,21,,386900
673,Nick Biddison,LAD,OF,21,,382500
674,D'Andre Smith,NYM,2B,21,,379400
675,Nathaniel Ochoa Leyva,WSH,SS,19,,375000
676,Erick Arosemena,SF,OF,0,,369700
677,Cade Hunter,CIN,C,21,,364600
678,Rafael Ramirez,HOU,3B,0,,360000
679,Victor Scott II,STL,OF,21,,350400
680,Axiel Plaz,PIT,C,0,,350000
681,Dario Laverde,LAA,C,0,,350000
682,Omar Moya,ARI,C,17,,350000
683,Nolan Beltran,PHI,SS,0,,350000
684,Tres Gonzalez,PIT,LF,21,,347500
685,Matthew Wood,MIL,C,21,,347500
686,Nathan Martorella,SD,1B,21,,325000
687,Estuar Suero,SD,OF,0,,325000
688,Sean McLain,LAD,SS,21,,322900
689,Alberto Mendes,CLE,SS,0,,320000
690,Andrew Pintar,ARI,2B,21,,316950
691,Ronny Aguiar,PIT,SS,0,,315000
692,Douglas Hodo III,BAL,OF,21,,305000
693,Seth Stephenson,DET,OF,21,,300000
694,Manolfi Jimenez,PHI,OF,0,,300000
695,Nate Furman,CLE,2B,20,,300000
696,Hayden Dunhurst,KC,C,21,,300000
697,Danny Serretti,DET,SS,22,,293900
698,Luke Adams,MIL,3B,18,,282500
699,Guy Lipscomb Jr.,CLE,OF,21,,275000
700,Chase Meidroth,BOS,2B,20,,272500
701,Franyer Noria,BOS,SS,0,,265000
702,Josh Hood,SEA,SS,21,,250000
703,Jorel Ortega,MIN,2B,21,,250000
704,Jakob Marsee,SD,OF,21,,250000
705,Jalen Battles,TB,SS,22,,247500
706,Cristofer Torin,ARI,SS,17,,240000
707,Omari Daniel,MIN,SS,18,,232800
708,Kody Huff,COL,C,21,,231600
709,Jacob Burke,CHW,OF,21,,225000
710,Ben Ross,MIN,SS,21,,220000
711,Caleb Ricketts,PHI,C,22,,218100
712,Alex Iadisernia,STL,OF,21,,212000
713,Sammy Hernandez,TOR,C,18,,200000
714,Trey Faltine,CIN,SS,21,,200000
715,Alejandro Rios,ARI,C,17,,200000
716,Brennan Milone,OAK,3B,21,,200000
717,Nick Vogt,SD,OF,21,,200000
718,Blake Robertson,TB,1B,21,,198900
719,Peyton Williams,TOR,1B,21,,197500
720,Christopher Campos,LAD,SS,21,,197500
721,Adrian Rodriguez,ARI,SS,18,,196000
722,Cameron Decker,LAD,SS,18,,187500
723,Dom Johnson,DET,OF,21,,180000
724,Rhylan Thomas,NYM,OF,22,,180000
725,Karson Simas,BOS,SS,21,,175000
726,Yeniel Laboy,OAK,3B,18,,175000
727,Nick Peoples,WSH,OF,17,,175000
728,Josnaider Orellana,ATL,,17,,175000
729,Sonny DiChiara,LAA,1B,22,,172500
730,Maxwell Romero Jr.,WSH,C,21,,165700
731,Brad Cumbest,COL,OF,21,,163300
732,Andrew Jenkins,DET,1B,21,,162900
733,Tayden Hall,MIL,C,19,,157500
734,Michael Curialle,STL,SS,21,,150000
735,Albert Carpio,ARI,SS,16,,150000
736,Chris Newell,LAD,OF,21,,147500
737,Jack Alexander,KC,C,22,,147500
738,Jack Pineda,KC,SS,22,,147500
739,Brett Barrera,NYY,SS,21,,135000
740,Tucker Flint,LAA,OF,21,,132500
741,Nicolas Perez,LAD,SS,17,,132500
742,Caeden Trenkle,OAK,CF,21,,130000
743,Drew Campbell,ATL,OF,24,,125000
744,Nate Baez,MIN,C,21,,125000
745,Andrew Cossetti,MIN,C,22,,125000
746,Christian Jackson,ATL,OF,18,,125000
747,Justin Janas,ATL,1B,21,,125000
748,Kevin Kilpatrick Jr.,ATL,OF,21,,125000
749,Keshawn Ogans,ATL,SS,20,,125000
750,Noah Williams,ATL,OF,18,,125000
751,Jankel Ortiz,MIN,SS,18,,125000
752,Nathan Church,STL,OF,21,,125000
753,Casey Dana,LAA,OF,23,,125000
754,Chase Estep,NYM,3B,22,,125000
755,Joshua Day,ARI,SS,22,,125000
756,Kevin Graham,ARI,OF,22,,125000
757,Haydn McGeary,CHC,C,22,,125000
758,Jordan Dissin,PHI,C,20,,125000
759,Blake Rambusch,SEA,3B,22,,125000
760,Cade Fergus,PHI,OF,21,,125000
761,Bryan Rincon,PHI,SS,18,,125000
762,Troy Schreffler,PHI,OF,21,,125000
763,Zach Dezenzo,HOU,SS,22,,125000
764,Jackson Loftin,HOU,SS,22,,125000
765,Tommy Sacco Jr.,HOU,SS,23,,125000
766,Pres Cavenaugh,CLE,OF,21,,125000
767,Chris Alleyne,LAD,OF,23,,125000
768,Logun Clark,CLE,C,19,,125000
769,Jose Izarra,LAD,SS,20,,125000
770,Tyresse Turner,CLE,SS,22,,125000
771,Deundre Jones,BOS,OF,18,,125000
772,Jamaliel Rosado Jr.,OAK,SS,18,,125000
773,Nomar Diaz,SF,C,18,,125000
774,Thomas Gavello,SF,C,21,,125000
775,Andrew Kachel,SF,2B,21,,125000
776,Everett Cooper III,WSH,SS,18,,125000
777,Blake Klassen,WSH,1B,21,,125000
778,Cortland Lawson,WSH,SS,22,,125000
779,Kamren James,TB,SS,22,,125000
780,Milo Rushford,KC,OF,18,,125000
781,Satchell Norman,MIL,C,19,,125000
782,Javier Vaz,KC,OF,21,,125000
783,Johnathon Thomas,WSH,OF,22,,125000
784,Brooks Baldwin,CHW,3B,21,,125000
785,Drake Logan,CHW,3B,21,,125000
786,Cole Kirschsieper,MIA,OF,21,,125000
787,Chase Luttrell,MIA,OF,22,,125000
788,Adam Crampton,BAL,SS,21,,125000
789,Adam Retzbach,BAL,C,21,,125000
790,Spence Coffman,SD,SS,18,,125000
791,Tayler Aguilar,NYY,OF,21,,125000
792,Graham Pauley,SD,3B,21,,125000
793,Beau Brewer,NYY,3B,20,,125000
794,Tyler Robertson,SD,OF,22,,125000
795,Josiah Sightler,PIT,1B,22,,122500
796,Colin Price,HOU,C,22,,122500
797,Zach Morgan,SF,C,22,,122500
798,E.J. Exposito,ATL,SS,21,,100000
799,Leiker Figueroa,ATL,,17,,100000
800,Alec Sayre,MIN,OF,21,,100000
801,Maximo Maria,ATL,OF,17,,100000
802,Javier Valdes,ATL,C,23,,100000
803,Nick Cimillo,PIT,C,22,,100000
804,David Martin,ARI,C,21,,100000
805,Jose Alpuria,ARI,OF,17,,100000
806,Ke'Shun Collier,CHC,OF,21,,100000
807,Angel Zarate,CLE,OF,22,,100000
808,Tommy Stevenson,OAK,1B,21,,100000
809,Justin Bench,SF,SS,22,,100000
810,Brett Roberts,MIA,SS,21,,100000
811,Kaden Hollow,SD,C,21,,100000
812,Zach Cole Jr.,HOU,OF,21,,97500
813,Wade Meckler,SF,OF,22,,97500
814,Ben Metzinger,MIL,3B,23,,97500
815,Yosander Asencio,BOS,SS,0,,85000
816,Michael Turconi,TOR,SS,23,,75000
817,Didier Fuentes,ATL,,17,,75000
818,Luke Franzoni,LAA,OF,22,,75000
819,Gavin Logan,ARI,C,22,,75000
820,John Garcia,HOU,C,21,,75000
821,Tanner O'Tremba,SF,OF,22,,75000
822,Carmine Lane,MIA,C,21,,75000
823,Torin Montgomery,MIA,1B,21,,75000
824,Gustavo Sosa,PHI,C,20,,72500
825,Levi Usher,KC,OF,22,,72500
826,Brett Johnson,ARI,OF,22,,55000
827,Romeo Sanabria,SD,C,20,,50000
828,Robert Gonzalez,ATL,,17,,50000
829,Brody Moore,STL,SS,21,,50000
830,Chris Williams,DET,OF,22,,50000
831,Jose Colmenarez,ARI,C,17,,50000
832,Andy Garriola,CHC,OF,22,,50000
833,Bill Knight,SEA,OF,22,,50000
834,Tatem Levins,SEA,C,23,,50000
835,Curtis Washington Jr.,SEA,OF,22,,50000
836,Tim Borden II,HOU,SS,22,,50000
837,Carter Howell,SF,OF,23,,50000
838,Tanner Tredaway,PIT,OF,22,,47500
839,Elian Garcia,ATL,,17,,45000
840,Alen Pineda,ATL,,17,,45000
841,Dylan Phillips,LAA,OF,23,,42500
842,Bryce Willits,CHW,3B,22,,40000
843,Tim Elko,CHW,1B,23,,35000
844,Michael Turner,CHW,C,23,,35000
845,Alejandro Kirk,TOR,C,23,R,30000
846,Ryan Wrobleski,HOU,C,22,,30000
847,Marvin Alcantara,BOS,SS,0,,30000
848,Griffin Doersching,SD,1B,23,,25000
849,Chris Rotondo,STL,OF,23,,25000
850,Brendan Tinsman,LAA,C,22,,25000
851,Connor Charping,SEA,C,23,,25000
852,Dylan Rock,TOR,OF,23,,22500
853,Chad Castillo,PHI,OF,22,,22500
854,Dalton Shuffield,MIN,SS,23,,20000
855,Diego Gonzalez,ARI,2B,16,,20000
856,Garrett McGowan,HOU,1B,23,,20000
857,Hogan Windish,SEA,2B,23,,20000
858,Mario Camilletti,CHW,2B,23,,20000
859,Skyler Messinger,COL,3B,23,,20000
860,Gabriel Araujo,ARI,OF,17,,10000
861,Cesar Bonalde,ARI,OF,17,,10000
862,Natanael Eusebio,BOS,OF,0,,10000
863,Yohander Linares,BOS,SS,0,,10000
864,Murphy Stehly,WSH,3B,23,,10000
865,Spencer Bramwell,MIA,C,23,,10000
866,Matt Coutney,LAA,1B,22,,7500
867,Joe Stewart,LAA,OF,24,,7500
868,Joe Stewart,LAA,OF,24,,7500
869,Cody Birdsong,ATL,2B,25,,5000
870,Cade Bunnell,ATL,2B,3,,5000
871,Jake Washer,CHC,C,26,,5000
872,Nick Zona,SEA,2B,22,,5000
873,Cory Acton,ATL,2B,23,,2500
874,Andrew Keck,ATL,C,22,,2500
875,Simon Reid,LAD,C,21,,2500
876,Taylor Young,LAD,2B,23,,2500
877,Griffin Cheney,TEX,SS,23,,1000
878,Josh Hatcher,TEX,OF,23,,1000
